Name with owner,Language,Created at,Last update,Releases,Pull Requests,Open Issues,Closed Issues
freeCodeCamp/freeCodeCamp,JavaScript,2014-12-24T17:49:19Z,2020-09-17T16:42:31Z,0,13141,203,14535
996icu/996.ICU,Rust,2019-03-26T07:31:14Z,2020-09-17T15:34:58Z,0,1020,0,0
vuejs/vue,JavaScript,2013-07-29T03:24:51Z,2020-09-17T16:42:41Z,208,974,332,8849
EbookFoundation/free-programming-books,NONE,2013-10-11T06:50:37Z,2020-09-17T16:32:47Z,0,2578,36,423
facebook/react,JavaScript,2013-05-24T16:15:54Z,2020-09-17T16:39:33Z,90,7029,459,9110
tensorflow/tensorflow,C++,2015-11-07T01:19:20Z,2020-09-17T16:54:02Z,112,10472,3738,23945
twbs/bootstrap,JavaScript,2011-07-29T21:19:00Z,2020-09-17T17:05:12Z,61,6039,344,19243
sindresorhus/awesome,NONE,2014-07-11T13:42:37Z,2020-09-17T17:05:06Z,0,493,15,242
jwasham/coding-interview-university,NONE,2016-06-06T02:34:12Z,2020-09-17T16:43:37Z,0,183,27,136
getify/You-Dont-Know-JS,NONE,2013-11-16T02:37:24Z,2020-09-17T16:55:24Z,0,349,74,776
kamranahmedse/developer-roadmap,NONE,2017-03-15T13:45:52Z,2020-09-17T17:06:54Z,3,57,30,431
ohmyzsh/ohmyzsh,Shell,2009-08-28T18:15:37Z,2020-09-17T16:44:05Z,0,2308,216,3303
CyC2018/CS-Notes,Java,2018-02-13T14:56:24Z,2020-09-17T16:20:18Z,0,361,53,378
github/gitignore,NONE,2010-11-08T20:17:14Z,2020-09-17T16:37:42Z,0,1414,0,0
donnemartin/system-design-primer,Python,2017-02-26T16:15:28Z,2020-09-17T16:17:44Z,0,183,84,52
microsoft/vscode,TypeScript,2015-09-03T20:23:38Z,2020-09-17T17:06:52Z,15,5670,5228,92093
flutter/flutter,Dart,2015-03-06T22:54:58Z,2020-09-17T17:03:20Z,0,16374,7853,35415
airbnb/javascript,JavaScript,2012-11-01T23:13:50Z,2020-09-17T17:02:06Z,0,740,76,947
torvalds/linux,C,2011-09-04T22:48:12Z,2020-09-17T16:48:21Z,0,9,0,0
public-apis/public-apis,Python,2016-03-20T23:49:42Z,2020-09-17T17:04:42Z,0,785,20,123
d3/d3,JavaScript,2010-09-27T17:22:42Z,2020-09-17T16:25:48Z,158,435,5,2047
jackfrued/Python-100-Days,Jupyter Notebook,2018-03-01T16:05:52Z,2020-09-17T15:46:34Z,0,12,342,71
facebook/react-native,JavaScript,2015-01-09T18:10:16Z,2020-09-17T16:53:42Z,147,614,796,19334
Snailclimb/JavaGuide,Java,2018-05-07T13:27:00Z,2020-09-17T16:40:43Z,0,323,29,430
vinta/awesome-python,Python,2014-06-27T21:00:06Z,2020-09-17T17:07:32Z,0,504,0,175
electron/electron,C++,2013-04-12T01:47:36Z,2020-09-17T17:06:59Z,618,10019,1330,12383
TheAlgorithms/Python,Python,2016-07-16T09:44:01Z,2020-09-17T16:43:57Z,0,1150,4,399
danistefanovic/build-your-own-x,NONE,2018-05-09T12:03:18Z,2020-09-17T17:07:11Z,0,82,73,275
facebook/create-react-app,JavaScript,2016-07-17T14:55:11Z,2020-09-17T17:06:15Z,74,1802,539,5662
trekhleb/javascript-algorithms,JavaScript,2018-03-24T07:47:04Z,2020-09-17T16:56:31Z,0,156,57,100
jlevy/the-art-of-command-line,NONE,2015-05-20T15:11:03Z,2020-09-17T16:46:29Z,0,303,91,83
axios/axios,JavaScript,2014-08-18T22:30:27Z,2020-09-17T16:45:41Z,24,351,198,2363
golang/go,Go,2014-08-19T04:33:40Z,2020-09-17T16:28:20Z,0,0,6141,33811
nodejs/node,JavaScript,2014-11-26T19:57:11Z,2020-09-17T16:44:30Z,179,2493,881,11272
ytdl-org/youtube-dl,Python,2010-10-31T14:35:07Z,2020-09-17T16:37:20Z,300,1427,3157,18276
kubernetes/kubernetes,Go,2014-06-06T22:56:04Z,2020-09-17T15:47:16Z,419,44468,2029,34077
justjavac/free-programming-books-zh_CN,NONE,2013-11-04T01:59:19Z,2020-09-17T15:43:03Z,3,268,0,0
animate-css/animate.css,CSS,2011-10-12T10:07:38Z,2020-09-17T13:27:55Z,22,171,2,732
microsoft/terminal,C++,2017-08-11T18:38:22Z,2020-09-17T16:52:49Z,34,1353,1065,4951
denoland/deno,TypeScript,2018-05-15T01:34:26Z,2020-09-17T16:44:09Z,100,3378,601,2470
tensorflow/models,Python,2016-02-05T01:15:20Z,2020-09-17T16:20:39Z,13,2090,893,4931
angular/angular,TypeScript,2014-09-18T16:12:01Z,2020-09-17T16:41:43Z,0,2921,2716,18781
ossu/computer-science,NONE,2014-05-04T00:18:39Z,2020-09-17T16:35:54Z,0,171,5,477
puppeteer/puppeteer,TypeScript,2017-05-09T22:16:13Z,2020-09-17T16:06:13Z,51,1702,1203,3095
microsoft/TypeScript,TypeScript,2014-06-17T15:28:39Z,2020-09-17T16:46:49Z,107,9881,4465,23190
FortAwesome/Font-Awesome,JavaScript,2012-02-17T14:19:43Z,2020-09-17T15:00:02Z,38,179,5491,10984
mrdoob/three.js,JavaScript,2010-03-23T18:58:01Z,2020-09-17T16:17:02Z,112,7586,439,9590
ant-design/ant-design,TypeScript,2015-04-24T15:37:24Z,2020-09-17T15:43:08Z,363,6303,476,18332
labuladong/fucking-algorithm,NONE,2020-02-19T09:01:23Z,2020-09-17T16:49:24Z,0,121,22,194
30-seconds/30-seconds-of-code,JavaScript,2017-11-29T17:35:03Z,2020-09-17T17:01:38Z,4,669,1,257
laravel/laravel,PHP,2011-06-08T03:06:08Z,2020-09-17T16:02:00Z,40,1251,0,0
mui-org/material-ui,JavaScript,2014-08-18T19:11:54Z,2020-09-17T16:42:48Z,273,8709,430,11316
iluwatar/java-design-patterns,Java,2014-08-09T16:45:18Z,2020-09-17T16:08:41Z,0,624,229,410
PanJiaChen/vue-element-admin,Vue,2017-04-17T03:35:49Z,2020-09-17T16:15:00Z,49,313,707,2203
angular/angular.js,JavaScript,2010-01-06T00:34:37Z,2020-09-17T15:32:46Z,0,783,389,8612
MisterBooo/LeetCodeAnimation,Java,2018-12-06T08:01:22Z,2020-09-17T16:02:37Z,0,61,6,39
moby/moby,Go,2013-01-18T18:10:57Z,2020-09-17T15:27:35Z,85,16430,3654,16773
avelino/awesome-go,Go,2014-07-06T13:42:15Z,2020-09-17T16:18:25Z,0,2181,7,229
vuejs/awesome-vue,NONE,2015-10-20T00:16:14Z,2020-09-17T17:05:49Z,0,2950,66,115
webpack/webpack,JavaScript,2012-03-10T10:08:14Z,2020-09-17T16:46:06Z,235,3117,259,7114
nvbn/thefuck,Python,2015-04-08T15:08:04Z,2020-09-17T16:39:00Z,15,416,194,363
reduxjs/redux,TypeScript,2015-05-29T23:53:15Z,2020-09-17T15:42:43Z,61,1325,34,1771
jquery/jquery,JavaScript,2009-04-03T15:20:14Z,2020-09-17T16:11:15Z,1,488,62,1990
apple/swift,C++,2015-10-23T21:15:07Z,2020-09-17T16:38:33Z,27,29689,0,0
storybookjs/storybook,TypeScript,2016-03-18T04:23:44Z,2020-09-17T16:42:51Z,592,4782,661,5541
vercel/next.js,JavaScript,2016-10-05T23:32:51Z,2020-09-17T16:01:39Z,820,5290,506,6806
hakimel/reveal.js,JavaScript,2011-06-07T18:54:22Z,2020-09-17T15:32:34Z,31,338,501,1365
atom/atom,JavaScript,2012-01-20T18:18:21Z,2020-09-17T16:15:48Z,520,3644,601,15441
goldbergyoni/nodebestpractices,JavaScript,2017-09-15T08:33:19Z,2020-09-17T16:29:19Z,0,464,15,193
pallets/flask,Python,2010-04-06T11:11:59Z,2020-09-17T15:44:37Z,10,1077,19,1969
django/django,Python,2012-04-28T02:47:18Z,2020-09-17T16:38:33Z,0,5885,0,0
elastic/elasticsearch,Java,2010-02-08T13:20:56Z,2020-09-17T17:07:19Z,32,30903,2640,22217
socketio/socket.io,JavaScript,2010-03-11T18:24:48Z,2020-09-17T15:28:06Z,18,376,505,2377
tonsky/FiraCode,Clojure,2014-11-11T19:32:38Z,2020-09-17T16:48:10Z,26,94,240,743
spring-projects/spring-boot,Java,2012-10-19T15:02:57Z,2020-09-17T17:01:03Z,69,41,482,18356
shadowsocks/shadowsocks-windows,C#,2013-01-14T07:54:16Z,2020-09-17T09:17:55Z,47,224,53,2494
chartjs/Chart.js,JavaScript,2013-03-17T23:56:36Z,2020-09-17T14:48:17Z,46,1731,357,5013
expressjs/express,JavaScript,2009-06-26T18:56:01Z,2020-09-17T15:22:40Z,141,211,96,3275
keras-team/keras,Python,2015-03-28T00:35:42Z,2020-09-17T16:08:48Z,23,2403,3070,7189
typicode/json-server,JavaScript,2013-11-27T13:21:13Z,2020-09-17T17:03:08Z,7,92,493,405
chrislgarry/Apollo-11,Assembly,2014-04-03T15:45:02Z,2020-09-17T14:38:24Z,0,246,87,277
awesome-selfhosted/awesome-selfhosted,JavaScript,2015-06-01T02:33:17Z,2020-09-17T16:48:03Z,0,1358,76,468
Semantic-Org/Semantic-UI,JavaScript,2013-04-08T23:32:04Z,2020-09-17T14:48:22Z,153,351,907,5220
netdata/netdata,C,2013-06-17T18:39:10Z,2020-09-17T17:06:32Z,37,3696,643,5115
opencv/opencv,C++,2012-07-19T09:40:17Z,2020-09-17T15:16:42Z,46,8952,1865,5308
rust-lang/rust,Rust,2010-06-16T20:39:03Z,2020-09-17T17:06:12Z,80,30423,5916,30006
adam-p/markdown-here,JavaScript,2012-05-13T03:27:22Z,2020-09-17T16:47:06Z,11,20,258,299
httpie/httpie,Python,2012-02-25T12:39:13Z,2020-09-17T16:39:17Z,34,128,110,522
kdn251/interviews,Java,2017-02-14T18:19:25Z,2020-09-17T16:58:07Z,0,42,27,17
xingshaocheng/architect-awesome,NONE,2018-04-06T13:30:58Z,2020-09-17T15:04:08Z,0,49,45,19
doocs/advanced-java,Java,2018-10-06T11:38:30Z,2020-09-17T15:40:41Z,0,56,13,94
ElemeFE/element,Vue,2016-09-03T06:19:26Z,2020-09-17T15:56:39Z,128,3063,1643,14075
gatsbyjs/gatsby,JavaScript,2015-05-21T22:43:05Z,2020-09-17T14:49:11Z,74,12837,614,10946
gothinkster/realworld,JavaScript,2016-02-26T20:49:53Z,2020-09-17T16:30:28Z,0,133,219,156
h5bp/html5-boilerplate,JavaScript,2010-01-24T18:03:24Z,2020-09-17T15:45:38Z,32,392,1,1184
gohugoio/hugo,Go,2013-07-04T15:26:26Z,2020-09-17T15:20:06Z,136,1187,511,4388
josephmisiti/awesome-machine-learning,Python,2014-07-15T19:11:19Z,2020-09-17T16:57:12Z,0,608,1,65
lodash/lodash,JavaScript,2012-04-07T04:11:46Z,2020-09-17T13:39:19Z,2,569,96,3685
rails/rails,Ruby,2008-04-11T02:19:47Z,2020-09-17T16:02:29Z,26,17221,380,13660
resume/resume.github.com,JavaScript,2011-02-06T13:39:55Z,2020-09-17T13:54:43Z,0,84,30,56
h5bp/Front-end-Developer-Interview-Questions,HTML,2012-02-09T23:34:10Z,2020-09-17T15:47:00Z,0,334,4,99
redis/redis,C,2009-03-21T22:32:25Z,2020-09-17T16:22:25Z,3,1281,1738,2696
bitcoin/bitcoin,C++,2010-12-19T15:16:43Z,2020-09-17T15:41:08Z,33,9250,550,5138
yangshun/tech-interview-handbook,JavaScript,2016-07-05T05:00:48Z,2020-09-17T16:49:08Z,0,118,9,17
moment/moment,JavaScript,2011-03-01T02:46:06Z,2020-09-17T15:41:52Z,0,694,74,3700
ansible/ansible,Python,2012-03-06T14:58:02Z,2020-09-17T15:55:24Z,3,32078,1523,26547
nvm-sh/nvm,Shell,2010-04-15T17:47:47Z,2020-09-17T14:48:18Z,53,567,246,1192
protocolbuffers/protobuf,C++,2014-08-26T15:52:15Z,2020-09-17T15:16:44Z,56,2735,1003,3092
psf/requests,Python,2011-02-13T18:38:17Z,2020-09-17T14:48:19Z,0,1346,240,2990
kelseyhightower/nocode,Dockerfile,2018-02-06T23:54:00Z,2020-09-17T16:49:17Z,1,1,3219,446
ReactiveX/RxJava,Java,2013-01-08T20:11:48Z,2020-09-17T15:52:53Z,200,2897,10,2956
papers-we-love/papers-we-love,Shell,2013-12-15T14:31:41Z,2020-09-17T16:08:57Z,0,382,11,120
apache/incubator-echarts,JavaScript,2013-04-03T03:18:59Z,2020-09-17T13:25:41Z,75,547,1586,10882
thedaviddias/Front-End-Checklist,NONE,2017-10-16T10:12:36Z,2020-09-17T17:03:50Z,1,155,2,109
mtdvio/every-programmer-should-know,NONE,2017-08-24T13:18:26Z,2020-09-17T16:53:57Z,0,83,13,16
scikit-learn/scikit-learn,Python,2010-08-17T09:43:38Z,2020-09-17T17:08:38Z,20,6751,1558,6307
meteor/meteor,JavaScript,2012-01-19T01:58:17Z,2020-09-17T15:47:43Z,0,1240,103,8279
pytorch/pytorch,C++,2016-08-13T05:26:41Z,2020-09-17T17:01:57Z,28,4203,5040,11177
ionic-team/ionic-framework,TypeScript,2013-08-20T23:06:02Z,2020-09-17T17:04:12Z,210,2493,642,17402
gin-gonic/gin,Go,2014-06-16T23:57:25Z,2020-09-17T15:30:02Z,13,645,246,1212
ReactTraining/react-router,JavaScript,2014-05-16T22:22:51Z,2020-09-17T14:24:06Z,153,1179,32,5615
jekyll/jekyll,Ruby,2008-10-20T06:29:03Z,2020-09-17T15:23:02Z,98,2817,88,4203
jgthms/bulma,CSS,2016-01-23T23:48:34Z,2020-09-17T17:08:16Z,13,526,231,1908
macrozheng/mall,Java,2018-04-04T01:11:44Z,2020-09-17T16:51:06Z,1,0,14,320
google/material-design-icons,NONE,2014-10-08T18:01:28Z,2020-09-17T14:36:32Z,16,28,587,332
awesomedata/awesome-public-datasets,NONE,2014-11-20T06:20:50Z,2020-09-17T16:47:02Z,0,187,44,44
scutan90/DeepLearning-500-questions,JavaScript,2018-06-27T06:36:45Z,2020-09-17T16:17:38Z,0,297,80,77
necolas/normalize.css,CSS,2011-05-04T10:20:25Z,2020-09-17T16:11:18Z,0,56,22,441
Hack-with-Github/Awesome-Hacking,NONE,2016-03-30T15:47:10Z,2020-09-17T16:41:02Z,0,21,0,0
NARKOZ/hacker-scripts,JavaScript,2015-11-21T19:05:09Z,2020-09-17T15:22:14Z,0,62,32,27
spring-projects/spring-framework,Java,2010-12-08T04:04:45Z,2020-09-17T16:15:31Z,188,586,899,19087
ryanmcdermott/clean-code-javascript,JavaScript,2016-11-25T22:25:41Z,2020-09-17T16:46:38Z,0,141,34,61
jaywcjlove/awesome-mac,JavaScript,2016-07-17T15:33:47Z,2020-09-17T16:51:49Z,0,484,57,213
enaqx/awesome-react,NONE,2014-08-06T05:31:44Z,2020-09-17T17:05:46Z,0,705,7,62
fatedier/frp,Go,2015-12-21T15:24:59Z,2020-09-17T16:31:04Z,54,259,72,1515
yarnpkg/yarn,JavaScript,2016-01-19T17:39:16Z,2020-09-17T13:05:36Z,140,1651,2245,3746
aymericdamien/TensorFlow-Examples,Jupyter Notebook,2015-11-11T14:21:19Z,2020-09-17T15:10:43Z,0,84,151,66
wasabeef/awesome-android-ui,NONE,2014-12-24T01:45:03Z,2020-09-17T16:20:40Z,0,60,0,0
google/guava,Java,2014-05-29T16:23:17Z,2020-09-17T15:21:23Z,29,250,653,2523
ripienaar/free-for-dev,HTML,2015-03-18T21:06:26Z,2020-09-17T15:56:15Z,0,1222,0,0
neovim/neovim,Vim script,2014-01-31T13:39:22Z,2020-09-17T16:54:13Z,21,4442,962,4860
scrapy/scrapy,Python,2010-02-22T02:01:14Z,2020-09-17T14:10:25Z,17,1575,453,1842
square/okhttp,Java,2012-07-23T13:42:55Z,2020-09-17T16:56:24Z,0,2449,75,3120
sindresorhus/awesome-nodejs,NONE,2014-07-11T13:35:34Z,2020-09-17T17:05:39Z,0,359,0,90
Dogfalo/materialize,JavaScript,2014-09-12T19:35:38Z,2020-09-17T15:33:09Z,41,449,600,4557
minimaxir/big-list-of-naughty-strings,Python,2015-08-08T20:57:20Z,2020-09-17T11:50:49Z,0,89,49,27
prettier/prettier,JavaScript,2016-11-29T17:13:37Z,2020-09-17T14:12:01Z,70,3900,622,3871
babel/babel,JavaScript,2014-09-28T13:38:23Z,2020-09-17T17:03:43Z,217,3603,658,6641
serverless/serverless,JavaScript,2015-04-21T03:48:40Z,2020-09-17T17:04:48Z,189,2947,784,3821
Genymobile/scrcpy,C,2017-11-21T18:00:27Z,2020-09-17T17:06:27Z,20,23,463,1145
android/architecture-samples,Kotlin,2016-02-05T13:42:07Z,2020-09-17T14:32:23Z,0,172,118,277
tuvtran/project-based-learning,NONE,2017-04-12T05:07:46Z,2020-09-17T16:14:11Z,0,125,14,15
nwjs/nw.js,JavaScript,2012-01-04T06:21:10Z,2020-09-17T14:48:20Z,0,561,750,5998
grafana/grafana,TypeScript,2013-12-11T15:59:56Z,2020-09-17T15:20:30Z,190,8299,2752,14762
microsoft/PowerToys,C++,2019-05-01T17:44:02Z,2020-09-17T16:14:14Z,21,1470,1410,3585
sveltejs/svelte,JavaScript,2016-11-20T18:13:05Z,2020-09-17T15:52:39Z,0,1802,463,2670
juliangarnier/anime,JavaScript,2016-03-13T21:37:45Z,2020-09-17T16:53:32Z,13,66,121,446
FreeCodeCampChina/freecodecamp.cn,CSS,2016-09-30T03:13:43Z,2020-09-17T12:19:34Z,0,55,143,442
parcel-bundler/parcel,JavaScript,2017-08-07T16:36:47Z,2020-09-17T15:17:43Z,1,1300,543,2660
square/retrofit,Java,2010-09-06T21:39:43Z,2020-09-17T16:41:36Z,27,714,101,2313
azl397985856/leetcode,JavaScript,2018-03-30T09:13:51Z,2020-09-17T15:35:51Z,23,188,18,174
tesseract-ocr/tesseract,C++,2014-08-12T18:04:59Z,2020-09-17T16:31:25Z,8,1034,303,1602
ageitgey/face_recognition,Python,2017-03-03T21:52:39Z,2020-09-17T15:07:38Z,2,75,524,519
ColorlibHQ/AdminLTE,JavaScript,2013-12-25T02:52:40Z,2020-09-17T15:38:38Z,68,429,66,2215
ziishaned/learn-regex,NONE,2017-07-22T12:21:03Z,2020-09-17T12:54:53Z,0,104,38,33
MaximAbramchuck/awesome-interview-questions,NONE,2015-11-28T09:48:17Z,2020-09-17T17:05:59Z,0,138,11,19
impress/impress.js,JavaScript,2011-12-28T22:23:19Z,2020-09-17T16:38:52Z,14,93,46,393
vsouza/awesome-ios,Swift,2014-07-10T16:03:45Z,2020-09-17T15:15:36Z,0,2126,0,433
astaxie/build-web-application-with-golang,Go,2012-08-02T11:49:35Z,2020-09-17T15:10:24Z,0,730,110,172
x64dbg/x64dbg,C++,2015-04-11T20:48:23Z,2020-09-17T15:58:16Z,3,462,398,1454
home-assistant/core,Python,2013-09-17T07:29:48Z,2020-09-17T15:42:05Z,644,19595,1013,15237
gogs/gogs,Go,2014-02-12T01:57:08Z,2020-09-17T14:39:05Z,58,1125,673,3943
nodejs/node-v0.x-archive,NONE,2009-05-27T16:29:46Z,2020-09-14T21:19:24Z,0,218,535,5847
cdr/code-server,TypeScript,2019-02-27T16:50:41Z,2020-09-17T16:29:56Z,47,250,170,1505
v2ray/v2ray-core,Go,2015-09-04T11:42:53Z,2020-09-17T15:30:58Z,245,197,108,2190
soimort/you-get,Python,2012-08-20T15:53:36Z,2020-09-17T13:44:11Z,105,515,0,0
prakhar1989/awesome-courses,NONE,2014-11-15T18:36:49Z,2020-09-17T16:44:27Z,0,183,25,34
TryGhost/Ghost,JavaScript,2013-05-04T11:09:13Z,2020-09-17T16:35:16Z,353,4930,61,5850
bailicangdu/vue2-elm,Vue,2016-12-23T01:49:20Z,2020-09-17T16:36:24Z,0,20,85,433
Alamofire/Alamofire,Swift,2014-07-31T05:56:19Z,2020-09-17T16:50:56Z,81,465,30,2394
vercel/hyper,TypeScript,2016-07-01T06:01:21Z,2020-09-17T16:50:24Z,64,1408,709,2380
git/git,C,2008-07-23T14:21:26Z,2020-09-17T14:30:26Z,0,2,0,0
k88hudson/git-flight-rules,NONE,2014-07-22T20:35:09Z,2020-09-17T15:44:43Z,0,200,12,46
sdmg15/Best-websites-a-programmer-should-visit,NONE,2017-03-05T20:25:17Z,2020-09-17T17:01:24Z,0,240,1,48
huggingface/transformers,Python,2018-10-29T13:56:00Z,2020-09-17T16:36:24Z,34,2178,515,3838
trimstray/the-book-of-secret-knowledge,NONE,2018-06-23T10:43:14Z,2020-09-17T17:09:00Z,0,91,3,36
apache/dubbo,Java,2012-06-19T07:56:02Z,2020-09-17T13:06:37Z,27,1698,623,3174
521xueweihan/HelloGitHub,Python,2016-05-04T06:24:11Z,2020-09-17T15:33:00Z,9,12,18,1357
python/cpython,Python,2017-02-10T19:23:51Z,2020-09-17T15:26:29Z,0,17772,0,0
JetBrains/kotlin,Kotlin,2012-02-13T17:29:58Z,2020-09-17T15:44:59Z,147,1529,0,0
godotengine/godot,C++,2014-01-04T16:05:36Z,2020-09-17T15:38:42Z,28,13245,4772,19674
Unitech/pm2,JavaScript,2013-05-21T03:25:25Z,2020-09-17T15:31:07Z,107,497,253,3829
leonardomso/33-js-concepts,JavaScript,2018-09-04T13:27:04Z,2020-09-17T16:24:16Z,0,95,2,24
syncthing/syncthing,Go,2013-11-26T09:48:21Z,2020-09-17T16:47:32Z,224,1611,245,3962
AFNetworking/AFNetworking,Objective-C,2011-05-31T21:28:44Z,2020-09-17T15:26:03Z,40,703,24,3032
prometheus/prometheus,Go,2012-11-24T11:14:12Z,2020-09-17T14:54:57Z,157,3327,260,3355
justjavac/awesome-wechat-weapp,NONE,2016-09-22T20:04:48Z,2020-09-17T16:25:38Z,0,233,0,0
etcd-io/etcd,Go,2013-07-06T21:57:21Z,2020-09-17T16:21:20Z,191,6013,184,4860
shadowsocks/shadowsocks,Python,2012-04-20T13:10:49Z,2020-09-17T08:15:25Z,2,70,0,0
facebook/jest,TypeScript,2013-12-10T00:18:04Z,2020-09-17T16:05:58Z,112,3742,1091,4586
deepfakes/faceswap,Python,2017-12-19T09:44:13Z,2020-09-17T14:47:53Z,3,309,19,609
mozilla/pdf.js,JavaScript,2011-04-26T06:32:03Z,2020-09-17T15:36:27Z,34,4482,614,6408
mermaid-js/mermaid,JavaScript,2014-11-01T23:52:32Z,2020-09-17T16:17:27Z,54,465,249,908
adobe/brackets,JavaScript,2011-12-07T21:14:40Z,2020-09-17T15:31:12Z,69,4332,2542,7014
gulpjs/gulp,JavaScript,2013-07-04T05:26:06Z,2020-09-17T13:27:58Z,22,386,21,1785
junegunn/fzf,Go,2013-10-23T16:04:23Z,2020-09-17T16:28:34Z,0,243,182,1526
PhilJay/MPAndroidChart,Java,2014-04-25T14:29:47Z,2020-09-17T14:56:15Z,44,189,1733,2798
google/material-design-lite,HTML,2015-01-14T22:01:33Z,2020-09-17T14:44:27Z,14,655,351,1796
karan/Projects,NONE,2013-07-04T13:37:27Z,2020-09-17T15:04:30Z,0,19,27,29
algorithm-visualizer/algorithm-visualizer,JavaScript,2016-05-15T00:27:45Z,2020-09-17T16:52:20Z,0,178,12,64
discourse/discourse,Ruby,2013-01-12T00:25:55Z,2020-09-17T17:05:30Z,0,8550,0,0
hexojs/hexo,JavaScript,2012-09-23T15:17:08Z,2020-09-17T14:03:42Z,99,692,85,3477
slatedocs/slate,CSS,2013-09-13T22:15:24Z,2020-09-17T14:12:58Z,19,213,21,523
styled-components/styled-components,JavaScript,2016-08-16T06:41:32Z,2020-09-17T14:19:08Z,106,770,143,2050
Solido/awesome-flutter,Dart,2017-05-07T11:45:27Z,2020-09-17T16:49:22Z,0,345,0,0
BVLC/caffe,C++,2013-09-12T18:39:48Z,2020-09-17T14:48:22Z,14,1087,858,3869
blueimp/jQuery-File-Upload,PHP,2010-12-01T15:35:32Z,2020-09-17T10:23:41Z,0,115,48,3204
alvarotrigo/fullPage.js,JavaScript,2013-09-20T11:58:29Z,2020-09-17T15:32:27Z,67,261,150,3405
sahat/hackathon-starter,JavaScript,2013-11-13T17:24:12Z,2020-09-17T16:48:08Z,13,292,16,558
traefik/traefik,Go,2015-09-13T19:04:02Z,2020-09-17T16:45:55Z,307,2777,535,3503
tiimgreen/github-cheat-sheet,NONE,2014-04-12T16:38:42Z,2020-09-17T16:51:16Z,0,125,3,40
pixijs/pixi.js,TypeScript,2013-01-21T22:40:50Z,2020-09-17T15:08:22Z,113,1909,70,4132
florinpop17/app-ideas,NONE,2019-02-25T18:36:56Z,2020-09-17T16:51:18Z,0,149,8,27
XX-net/XX-Net,Python,2015-01-15T09:35:51Z,2020-09-17T16:57:07Z,307,359,7612,5048
shadowsocks/shadowsocks-android,Kotlin,2012-12-16T13:40:29Z,2020-09-17T15:49:56Z,167,228,17,2190
nuxt/nuxt.js,JavaScript,2016-10-26T11:18:47Z,2020-09-17T17:03:41Z,134,1981,346,5162
nestjs/nest,TypeScript,2017-02-04T20:12:52Z,2020-09-17T16:12:31Z,53,2047,89,2770
immutable-js/immutable-js,JavaScript,2014-07-02T06:02:29Z,2020-09-17T13:28:01Z,57,379,149,1023
Trinea/android-open-project,NONE,2014-01-05T15:20:15Z,2020-09-17T12:22:46Z,0,201,12,68
Avik-Jain/100-Days-Of-ML-Code,NONE,2018-07-05T09:11:43Z,2020-09-17T15:12:35Z,0,6,0,0
apache/incubator-superset,Python,2015-07-21T18:55:34Z,2020-09-17T16:31:53Z,14,4761,282,4623
caddyserver/caddy,Go,2015-01-13T19:45:03Z,2020-09-17T17:05:38Z,74,1048,66,2290
TheAlgorithms/Java,Java,2016-07-16T10:21:02Z,2020-09-17T16:04:09Z,0,463,51,167
DefinitelyTyped/DefinitelyTyped,TypeScript,2012-10-05T16:39:45Z,2020-09-17T17:08:53Z,1,34054,3423,3433
koajs/koa,JavaScript,2013-07-20T18:53:45Z,2020-09-17T15:50:58Z,0,391,16,782
chinese-poetry/chinese-poetry,JavaScript,2016-09-02T03:32:25Z,2020-09-17T14:48:34Z,1,81,52,74
bumptech/glide,Java,2013-07-08T22:52:33Z,2020-09-17T14:09:56Z,35,347,146,3660
fastlane/fastlane,Ruby,2014-12-02T17:00:38Z,2020-09-17T17:05:05Z,459,5161,126,10785
airbnb/lottie-android,Java,2016-10-06T22:42:42Z,2020-09-17T14:58:44Z,26,380,39,1135
exacity/deeplearningbook-chinese,TeX,2016-12-07T11:46:51Z,2020-09-17T15:32:46Z,7,16,50,132
videojs/video.js,JavaScript,2010-05-14T18:45:10Z,2020-09-17T16:32:13Z,219,1300,224,3935
huginn/huginn,Ruby,2013-03-10T06:00:31Z,2020-09-17T16:59:23Z,0,892,400,1342
JuliaLang/julia,Julia,2011-04-21T07:01:50Z,2020-09-17T13:18:35Z,92,15129,3104,15396
iamkun/dayjs,JavaScript,2018-04-10T09:26:44Z,2020-09-17T17:02:33Z,87,447,79,408
zenorocha/clipboard.js,JavaScript,2015-09-18T23:04:55Z,2020-09-17T13:58:40Z,37,67,14,527
kamranahmedse/design-patterns-for-humans,NONE,2017-02-16T21:24:39Z,2020-09-17T16:32:11Z,0,47,7,42
strapi/strapi,JavaScript,2015-09-30T15:34:48Z,2020-09-17T16:48:02Z,147,2536,235,3817
Leaflet/Leaflet,JavaScript,2010-09-22T16:57:44Z,2020-09-17T16:41:22Z,22,2086,415,3958
0voice/interview_internal_reference,Python,2019-06-10T06:54:19Z,2020-09-17T16:21:46Z,0,35,20,18
foundation/foundation-sites,HTML,2011-10-13T23:05:42Z,2020-09-17T11:03:10Z,71,2913,274,7737
testerSunshine/12306,Python,2017-05-17T12:23:40Z,2020-09-17T15:55:27Z,1,31,182,455
isocpp/CppCoreGuidelines,Python,2015-08-19T20:22:52Z,2020-09-17T11:51:50Z,4,656,144,683
shadowsocks/ShadowsocksX-NG,Swift,2016-06-10T11:49:00Z,2020-09-17T13:36:45Z,26,58,226,990
tldr-pages/tldr,Shell,2013-12-08T07:34:43Z,2020-09-17T16:52:38Z,0,3253,73,477
floodsung/Deep-Learning-Papers-Reading-Roadmap,Python,2016-10-14T11:49:48Z,2020-09-17T08:48:25Z,0,22,38,3
RocketChat/Rocket.Chat,JavaScript,2015-05-19T07:36:09Z,2020-09-17T17:09:22Z,400,5919,1866,9627
php/php-src,C,2011-06-16T01:52:25Z,2020-09-17T17:02:37Z,0,636,0,0
photonstorm/phaser,JavaScript,2013-04-12T12:27:51Z,2020-09-17T17:08:41Z,100,1309,119,3233
jondot/awesome-react-native,JavaScript,2015-03-26T19:58:06Z,2020-09-17T16:53:21Z,0,864,21,33
Blankj/AndroidUtilCode,Java,2016-07-30T18:18:32Z,2020-09-17T13:05:21Z,115,68,39,1106
ariya/phantomjs,C++,2010-12-27T08:18:58Z,2020-09-17T15:17:59Z,0,562,23,4696
lukehoban/es6features,NONE,2014-03-03T18:29:30Z,2020-09-17T14:26:13Z,0,41,19,36
Homebrew/legacy-homebrew,NONE,2009-05-20T19:38:37Z,2020-09-17T15:32:33Z,0,222,0,17038
jashkenas/backbone,JavaScript,2010-09-30T19:41:28Z,2020-09-17T14:31:17Z,0,851,56,2329
quilljs/quill,JavaScript,2012-07-30T23:23:18Z,2020-09-17T16:28:42Z,82,200,880,1823
dypsilon/frontend-dev-bookmarks,NONE,2013-06-22T13:23:55Z,2020-09-17T16:50:08Z,1,129,16,77
vuetifyjs/vuetify,TypeScript,2016-09-12T00:39:35Z,2020-09-17T16:42:18Z,358,2328,1281,7752
grpc/grpc,C++,2014-12-08T18:58:53Z,2020-09-17T16:43:59Z,154,12127,469,8415
tailwindlabs/tailwindcss,CSS,2017-10-06T14:59:14Z,2020-09-17T17:02:16Z,100,714,5,943
apache/spark,Scala,2014-02-25T08:00:08Z,2020-09-17T16:25:49Z,0,4,0,0
fffaraz/awesome-cpp,NONE,2014-07-17T08:51:11Z,2020-09-17T16:58:36Z,0,407,317,152
joshbuchea/HEAD,NONE,2016-04-20T20:05:37Z,2020-09-17T15:12:06Z,0,83,11,71
binhnguyennus/awesome-scalability,NONE,2017-12-27T03:46:40Z,2020-09-17T17:06:03Z,0,22,0,0
bilibili/ijkplayer,C,2013-06-03T04:12:04Z,2020-09-17T09:19:00Z,0,29,2464,2428
open-guides/og-aws,Shell,2016-07-13T17:30:16Z,2020-09-17T11:21:45Z,0,474,123,79
alex/what-happens-when,NONE,2013-11-07T04:30:06Z,2020-09-17T15:26:47Z,0,105,81,19
certbot/certbot,Python,2014-11-12T02:52:20Z,2020-09-17T13:01:42Z,10,3005,473,4059
preactjs/preact,JavaScript,2015-09-11T02:40:18Z,2020-09-17T16:54:25Z,135,939,111,1170
xitu/gold-miner,NONE,2015-11-04T03:29:13Z,2020-09-17T15:30:03Z,0,2589,41,4513
codepath/android_guides,NONE,2013-06-19T10:24:45Z,2020-09-17T14:10:00Z,0,9,154,211
NervJS/taro,JavaScript,2018-04-08T09:32:26Z,2020-09-17T13:47:14Z,42,1102,679,5398
Kong/kong,Lua,2014-11-17T23:56:08Z,2020-09-17T16:10:07Z,90,2175,353,2807
apachecn/AiLearning,Python,2017-02-25T08:53:02Z,2020-09-17T15:54:57Z,2,461,35,58
tastejs/todomvc,JavaScript,2011-06-03T19:56:33Z,2020-09-17T14:24:57Z,5,714,120,618
danielmiessler/SecLists,PHP,2012-02-19T01:30:18Z,2020-09-17T16:54:40Z,10,295,11,117
ethereum/go-ethereum,Go,2013-12-26T13:05:46Z,2020-09-17T14:51:44Z,134,4046,164,4849
caolan/async,JavaScript,2010-06-01T21:01:30Z,2020-09-17T15:09:21Z,7,410,3,1054
bayandin/awesome-awesomeness,Ruby,2014-07-08T05:44:19Z,2020-09-17T13:59:39Z,0,173,7,49
pandas-dev/pandas,Python,2010-08-24T01:37:33Z,2020-09-17T16:51:05Z,64,12937,3441,15442
ant-design/ant-design-pro,TypeScript,2017-08-25T10:40:44Z,2020-09-17T16:48:50Z,19,796,61,6025
localstack/localstack,Python,2016-10-25T23:48:03Z,2020-09-17T16:35:14Z,18,1036,250,1609
vuejs/vue-cli,JavaScript,2015-12-26T23:11:20Z,2020-09-17T12:58:37Z,135,1012,513,3984
react-boilerplate/react-boilerplate,JavaScript,2015-02-18T14:36:32Z,2020-09-17T15:40:02Z,16,715,33,1784
wg/wrk,C,2012-03-20T11:12:28Z,2020-09-17T15:20:12Z,0,0,97,225
zxing/zxing,Java,2011-10-12T14:07:27Z,2020-09-17T15:57:25Z,26,157,7,1011
akullpp/awesome-java,NONE,2014-07-09T10:12:43Z,2020-09-17T16:51:27Z,0,548,4,97
getsentry/sentry,Python,2010-08-30T22:06:41Z,2020-09-17T16:35:10Z,60,14965,993,3176
kenwheeler/slick,JavaScript,2014-03-24T02:10:05Z,2020-09-17T15:10:09Z,48,235,1031,2333
faif/python-patterns,Python,2012-06-06T21:02:35Z,2020-09-17T16:43:59Z,0,234,10,56
yangshun/front-end-interview-handbook,JavaScript,2018-01-13T19:40:08Z,2020-09-17T14:10:27Z,0,163,13,46
ngosang/trackerslist,NONE,2016-04-24T11:57:57Z,2020-09-17T15:10:45Z,0,1,3,229
FiloSottile/mkcert,Go,2018-06-25T05:33:03Z,2020-09-17T15:45:39Z,11,42,48,139
shengxinjing/programmer-job-blacklist,Shell,2016-06-25T06:09:10Z,2020-09-17T11:11:46Z,0,16,124,170
Alvin9999/new-pac,NONE,2016-03-23T08:43:36Z,2020-09-17T15:58:41Z,0,0,223,735
proxyee-down-org/proxyee-down,Java,2017-10-25T10:07:27Z,2020-09-17T15:54:06Z,49,16,0,0
dcloudio/uni-app,JavaScript,2018-07-12T08:52:39Z,2020-09-17T14:18:34Z,0,133,557,1382
jashkenas/underscore,JavaScript,2009-10-25T18:31:06Z,2020-09-17T15:23:30Z,0,711,29,1338
jakevdp/PythonDataScienceHandbook,Jupyter Notebook,2016-08-10T14:24:36Z,2020-09-17T15:46:37Z,0,28,74,47
aosabook/500lines,JavaScript,2013-11-04T02:02:53Z,2020-09-17T14:34:36Z,0,175,26,37
JakeWharton/butterknife,Java,2013-03-05T08:18:59Z,2020-09-17T11:08:09Z,0,346,92,1042
3b1b/manim,Python,2015-03-22T18:50:58Z,2020-09-17T16:43:10Z,0,348,249,454
google/styleguide,HTML,2015-05-20T19:18:59Z,2020-09-17T15:24:10Z,0,118,154,87
carbon-app/carbon,JavaScript,2017-06-16T02:50:28Z,2020-09-17T14:50:32Z,186,507,18,455
dylanaraps/pure-bash-bible,Shell,2018-06-13T01:39:33Z,2020-09-17T14:48:38Z,0,26,22,26
square/leakcanary,Kotlin,2015-04-29T23:54:16Z,2020-09-17T13:04:27Z,24,636,43,1137
alacritty/alacritty,Rust,2016-02-18T05:02:30Z,2020-09-17T16:58:17Z,40,1067,362,2506
crossoverJie/JCSprout,Java,2017-12-17T09:06:50Z,2020-09-17T16:20:44Z,0,69,30,59
Marak/faker.js,JavaScript,2010-05-15T00:53:07Z,2020-09-17T16:59:19Z,0,250,166,309
pingcap/tidb,Go,2015-09-06T04:01:52Z,2020-09-17T16:53:01Z,109,12437,1636,4071
pi-hole/pi-hole,Shell,2014-06-08T15:02:55Z,2020-09-17T16:56:35Z,61,1130,170,1859
kon9chunkit/GitHub-Chinese-Top-Charts,Java,2019-09-05T03:01:56Z,2020-09-17T14:58:55Z,0,0,73,41
Tencent/weui,CSS,2014-12-18T04:09:54Z,2020-09-17T13:33:02Z,19,165,25,598
google-research/bert,Python,2018-10-25T22:57:34Z,2020-09-17T14:10:59Z,0,32,659,317
astaxie/beego,Go,2012-02-29T02:32:08Z,2020-09-17T16:35:52Z,6,868,711,2089
iina/iina,Swift,2016-12-19T07:18:45Z,2020-09-17T15:49:32Z,33,370,892,1565
request/request,JavaScript,2011-01-23T01:25:14Z,2020-09-17T14:51:08Z,0,650,132,2043
nolimits4web/swiper,JavaScript,2012-03-14T19:11:45Z,2020-09-17T15:07:24Z,0,252,170,3218
madewithml/basics,Jupyter Notebook,2018-11-05T03:44:27Z,2020-09-17T15:22:21Z,0,138,0,19
vuejs/vuex,JavaScript,2015-07-16T04:21:26Z,2020-09-17T16:36:28Z,43,583,37,998
dkhamsing/open-source-ios-apps,Swift,2015-01-26T23:32:34Z,2020-09-17T16:58:34Z,34,575,0,214
netty/netty,Java,2010-11-09T09:22:21Z,2020-09-17T13:58:18Z,0,1557,394,4794
fzaninotto/Faker,PHP,2011-10-14T22:49:02Z,2020-09-17T16:11:53Z,11,795,72,490
jiahaog/nativefier,TypeScript,2015-07-05T05:56:42Z,2020-09-17T15:22:37Z,42,143,177,672
select2/select2,JavaScript,2012-03-04T18:43:12Z,2020-09-17T02:44:15Z,28,664,40,4479
formium/formik,TypeScript,2017-06-14T19:50:59Z,2020-09-17T16:44:49Z,133,641,612,1142
nylas/nylas-mail,JavaScript,2014-10-16T18:29:12Z,2020-09-17T07:18:30Z,53,139,1001,2420
Modernizr/Modernizr,JavaScript,2009-09-25T20:13:23Z,2020-09-17T10:12:45Z,18,760,156,1279
lerna/lerna,JavaScript,2015-12-04T09:36:55Z,2020-09-17T15:10:50Z,168,579,466,1421
fighting41love/funNLP,Python,2018-08-21T11:20:39Z,2020-09-17T15:59:44Z,0,9,6,26
houshanren/hangzhou_house_knowledge,CSS,2018-02-24T01:54:18Z,2020-09-17T14:46:00Z,0,4,0,0
istio/istio,Go,2016-11-18T23:57:21Z,2020-09-17T16:58:53Z,159,11917,1011,10219
standard/standard,JavaScript,2015-01-27T01:23:31Z,2020-09-17T15:59:24Z,4,293,126,968
nvie/gitflow,Shell,2010-01-20T23:14:12Z,2020-09-17T05:05:24Z,0,36,219,117
ZuzooVn/machine-learning-for-software-engineers,NONE,2016-10-09T21:20:25Z,2020-09-17T16:35:43Z,0,53,13,3
johnpapa/angular-styleguide,NONE,2014-07-29T00:07:51Z,2020-09-17T05:27:09Z,0,331,63,361
ziadoz/awesome-php,NONE,2013-11-26T03:14:19Z,2020-09-17T13:36:24Z,0,363,3,107
fxsjy/jieba,Python,2012-09-29T07:52:01Z,2020-09-17T12:04:15Z,9,96,527,193
CSSEGISandData/COVID-19,NONE,2020-02-04T22:03:53Z,2020-09-17T16:06:45Z,0,137,1311,1198
rethinkdb/rethinkdb,C++,2012-10-30T05:37:47Z,2020-09-17T16:34:50Z,69,378,1383,4894
mathiasbynens/dotfiles,Shell,2011-09-05T18:07:54Z,2020-09-17T15:55:12Z,0,44,127,232
github/fetch,JavaScript,2014-10-13T00:26:19Z,2020-09-17T13:30:46Z,34,136,1,520
herrbischoff/awesome-macos-command-line,NONE,2015-09-22T19:37:55Z,2020-09-17T15:56:25Z,0,100,0,0
symfony/symfony,PHP,2010-01-04T14:21:21Z,2020-09-17T16:50:54Z,252,14991,791,13807
minio/minio,Go,2015-01-14T19:23:58Z,2020-09-17T17:10:31Z,192,5323,32,4394
freeCodeCamp/devdocs,Ruby,2013-10-24T18:16:07Z,2020-09-17T17:00:24Z,0,129,123,725
composer/composer,PHP,2011-06-08T08:53:00Z,2020-09-17T13:02:00Z,86,2068,362,5783
angular/angular-cli,TypeScript,2015-06-04T19:49:37Z,2020-09-17T16:44:20Z,315,4839,451,11631
hashicorp/terraform,Go,2014-03-13T22:25:48Z,2020-09-17T16:07:23Z,129,8451,1275,14317
brillout/awesome-react-components,NONE,2016-06-24T15:19:33Z,2020-09-17T15:50:56Z,0,162,0,36
ryanoasis/nerd-fonts,CSS,2014-12-05T04:31:17Z,2020-09-17T16:59:01Z,20,112,156,231
facebookresearch/Detectron,Python,2017-10-05T17:32:00Z,2020-09-17T13:54:14Z,0,0,287,605
ityouknow/spring-boot-examples,Java,2016-11-05T05:32:33Z,2020-09-17T09:37:12Z,0,5,2,95
raywenderlich/swift-algorithm-club,Swift,2016-01-26T17:56:12Z,2020-09-17T15:12:38Z,0,605,13,176
hoppscotch/hoppscotch,Vue,2019-08-21T13:15:24Z,2020-09-17T16:29:15Z,8,595,25,381
date-fns/date-fns,JavaScript,2014-10-06T10:24:22Z,2020-09-17T15:39:21Z,82,660,195,809
ocornut/imgui,C++,2014-07-21T14:29:47Z,2020-09-17T15:16:51Z,67,247,422,2313
iview/iview,Vue,2016-07-28T01:52:59Z,2020-09-17T13:38:36Z,85,526,1025,4451
serhii-londar/open-source-mac-os-apps,Swift,2017-11-03T02:35:33Z,2020-09-17T15:19:18Z,0,375,20,119
skylot/jadx,Java,2013-03-18T17:08:21Z,2020-09-17T16:21:05Z,13,216,126,588
rclone/rclone,Go,2014-03-16T16:19:57Z,2020-09-17T16:05:20Z,70,759,650,2820
danielgindi/Charts,Swift,2015-03-20T10:49:12Z,2020-09-17T15:17:43Z,31,370,546,3162
markedjs/marked,JavaScript,2011-07-24T13:15:51Z,2020-09-17T14:43:03Z,23,369,81,960
IanLunn/Hover,CSS,2014-01-02T14:27:35Z,2020-09-17T15:46:10Z,10,22,17,80
alibaba/p3c,Kotlin,2017-06-23T06:15:51Z,2020-09-17T14:23:34Z,0,54,63,585
postcss/postcss,TypeScript,2013-09-24T23:06:48Z,2020-09-17T16:18:28Z,160,583,8,673
cypress-io/cypress,JavaScript,2015-03-04T00:46:28Z,2020-09-17T16:59:07Z,215,1743,1263,5007
transloadit/uppy,JavaScript,2015-11-16T12:32:33Z,2020-09-17T15:00:42Z,24,1166,127,1120
Homebrew/brew,Ruby,2016-03-06T05:08:38Z,2020-09-17T16:51:19Z,159,5174,13,2677
alibaba/arthas,Java,2018-08-29T17:15:57Z,2020-09-17T14:36:26Z,25,289,112,948
SDWebImage/SDWebImage,Objective-C,2009-09-21T17:39:19Z,2020-09-17T15:33:10Z,90,742,25,1917
elsewhencode/project-guidelines,JavaScript,2017-06-30T10:17:55Z,2020-09-17T14:04:54Z,0,103,12,24
unknwon/the-way-to-go_ZH_CN,Go,2013-03-24T17:18:38Z,2020-09-17T14:51:24Z,0,531,0,0
MunGell/awesome-for-beginners,NONE,2015-10-24T19:53:36Z,2020-09-17T16:59:14Z,0,271,0,59
CodeHubApp/CodeHub,C#,2013-07-23T22:19:57Z,2020-09-17T04:21:49Z,4,13,228,398
kelseyhightower/kubernetes-the-hard-way,NONE,2016-07-07T14:15:27Z,2020-09-17T15:39:15Z,0,68,35,273
ReactiveX/rxjs,TypeScript,2015-03-15T06:17:10Z,2020-09-17T16:06:35Z,0,1868,315,2388
GitbookIO/gitbook,JavaScript,2014-03-31T03:01:56Z,2020-09-17T16:02:01Z,0,214,0,0
agalwood/Motrix,JavaScript,2018-12-18T11:45:05Z,2020-09-17T17:11:06Z,10,100,259,405
eugenp/tutorials,Java,2013-04-29T18:26:36Z,2020-09-17T16:33:12Z,0,6841,20,394
greenrobot/EventBus,Java,2012-07-16T16:55:40Z,2020-09-17T16:44:24Z,5,29,95,433
sequelize/sequelize,JavaScript,2010-07-22T07:11:11Z,2020-09-17T15:07:18Z,347,2664,916,7937
lib-pku/libpku,TeX,2018-11-22T13:33:06Z,2020-09-17T15:06:18Z,0,22,3,30
SheetJS/sheetjs,JavaScript,2012-12-03T19:25:52Z,2020-09-17T17:08:06Z,0,74,357,1463
lydiahallie/javascript-questions,NONE,2019-06-12T08:26:27Z,2020-09-17T16:47:25Z,0,196,16,110
sharkdp/bat,Rust,2018-04-21T10:52:23Z,2020-09-17T15:39:12Z,26,461,64,595
amix/vimrc,Vim script,2012-05-29T16:19:29Z,2020-09-17T16:58:06Z,0,72,7,413
webtorrent/webtorrent,JavaScript,2013-10-15T08:16:40Z,2020-09-17T13:06:13Z,0,400,163,1190
cheeriojs/cheerio,JavaScript,2011-10-09T04:23:20Z,2020-09-17T16:25:57Z,2,322,204,745
geekcompany/ResumeSample,NONE,2014-09-08T08:08:13Z,2020-09-17T14:47:17Z,0,2,0,0
VincentGarreau/particles.js,JavaScript,2014-09-06T14:29:47Z,2020-09-17T13:38:50Z,6,21,265,78
mobxjs/mobx,JavaScript,2015-03-14T14:31:38Z,2020-09-17T13:28:04Z,2,749,9,1548
sentsin/layui,JavaScript,2015-09-22T08:12:03Z,2020-09-17T16:28:30Z,39,31,456,81
alibaba/fastjson,Java,2011-11-03T06:58:52Z,2020-09-17T09:15:19Z,79,353,1396,1432
gitlabhq/gitlabhq,Ruby,2011-10-02T16:25:27Z,2020-09-17T15:10:20Z,0,2227,0,0
ctripcorp/apollo,Java,2016-03-04T10:24:23Z,2020-09-17T14:47:09Z,27,923,171,2026
metabase/metabase,Clojure,2015-02-02T19:25:47Z,2020-09-17T14:24:59Z,122,4837,1750,5854
alibaba/druid,Java,2011-11-03T05:12:51Z,2020-09-17T14:35:51Z,36,884,1783,1116
wagoodman/dive,Go,2018-05-13T15:44:01Z,2020-09-17T17:03:53Z,23,106,62,138
NationalSecurityAgency/ghidra,Java,2019-03-01T03:27:48Z,2020-09-17T16:56:50Z,0,161,803,1021
openai/gym,Python,2016-04-27T14:59:16Z,2020-09-17T15:56:40Z,5,551,146,1048
harvesthq/chosen,HTML,2011-04-18T15:07:41Z,2020-09-16T04:37:11Z,34,309,232,2107
PowerShell/PowerShell,C#,2016-01-13T23:41:35Z,2020-09-17T16:16:46Z,80,4386,2605,5482
laravel/framework,PHP,2013-01-10T21:27:28Z,2020-09-17T16:12:41Z,299,10122,10,14062
ajaxorg/ace,JavaScript,2010-10-27T10:43:36Z,2020-09-17T15:37:21Z,0,1354,689,1858
naptha/tesseract.js,JavaScript,2015-06-24T02:49:52Z,2020-09-17T07:46:04Z,31,74,41,347
alibaba/flutter-go,Dart,2019-01-08T09:03:40Z,2020-09-17T16:15:24Z,4,158,186,173
formulahendry/955.WLB,NONE,2019-03-27T23:53:37Z,2020-09-17T12:30:28Z,0,15,133,60
airbnb/lottie-web,JavaScript,2015-02-20T21:02:59Z,2020-09-17T14:48:26Z,0,78,540,1625
terryum/awesome-deep-learning-papers,TeX,2016-06-03T06:48:30Z,2020-09-17T13:51:48Z,0,39,14,11
tabler/tabler,HTML,2018-02-01T09:08:59Z,2020-09-17T06:45:37Z,7,151,73,260
tootsuite/mastodon,Ruby,2016-02-22T15:01:25Z,2020-09-17T16:54:13Z,144,7758,1670,4042
ycm-core/YouCompleteMe,Python,2012-04-16T03:12:14Z,2020-09-17T09:25:08Z,0,650,26,2887
obsproject/obs-studio,C,2013-10-01T02:40:31Z,2020-09-17T16:32:16Z,119,1595,187,531
CamDavidsonPilon/Probabilistic-Programming-and-Bayesian-Methods-for-Hackers,Jupyter Notebook,2013-01-14T15:46:28Z,2020-09-17T16:14:22Z,0,235,130,86
drone/drone,Go,2014-02-07T07:54:44Z,2020-09-17T16:22:58Z,0,836,31,1697
google/leveldb,C++,2014-08-27T21:17:52Z,2020-09-17T14:47:17Z,20,29,113,479
0xAX/linux-insides,Python,2015-01-03T18:44:57Z,2020-09-17T13:49:56Z,0,502,36,122
gorhill/uBlock,JavaScript,2015-04-01T17:51:11Z,2020-09-17T15:56:45Z,169,122,68,3377
hammerjs/hammer.js,JavaScript,2012-03-02T12:58:28Z,2020-09-17T15:32:47Z,0,114,259,755
VundleVim/Vundle.vim,Vim script,2010-10-17T23:17:53Z,2020-09-17T10:58:22Z,0,86,156,537
facebookresearch/fastText,HTML,2016-07-16T13:38:42Z,2020-09-17T13:13:58Z,4,7,321,585
rstacruz/nprogress,JavaScript,2013-08-20T13:58:02Z,2020-09-17T16:33:48Z,7,34,87,47
StreisandEffect/streisand,Shell,2014-03-23T21:56:19Z,2020-09-17T14:41:21Z,0,527,194,926
BurntSushi/ripgrep,Rust,2016-03-11T02:02:33Z,2020-09-17T17:02:47Z,65,374,60,1055
realpython/python-guide,Batchfile,2011-03-15T03:24:20Z,2020-09-17T15:49:56Z,0,659,81,167
microsoft/monaco-editor,JavaScript,2016-06-07T16:56:31Z,2020-09-17T15:50:49Z,0,81,423,1522
niklasvh/html2canvas,TypeScript,2011-07-16T01:05:58Z,2020-09-17T16:15:13Z,28,117,665,1334
emberjs/ember.js,JavaScript,2011-05-25T23:39:40Z,2020-09-17T13:16:30Z,346,7251,272,6045
rapid7/metasploit-framework,Ruby,2011-08-30T06:13:20Z,2020-09-17T17:04:25Z,0,8028,767,3368
satwikkansal/wtfpython,Python,2017-08-28T20:22:19Z,2020-09-17T16:53:02Z,2,74,26,94
balderdashy/sails,JavaScript,2012-03-18T19:46:15Z,2020-09-17T12:44:20Z,39,505,385,5785
scwang90/SmartRefreshLayout,Java,2017-06-02T09:52:50Z,2020-09-17T14:48:36Z,8,6,93,1127
cmderdev/cmder,C++,2013-07-09T07:44:22Z,2020-09-17T16:16:04Z,27,315,10,1911
Automattic/mongoose,JavaScript,2010-04-06T21:39:05Z,2020-09-17T15:14:51Z,5,1172,320,7454
Polymer/polymer,HTML,2012-08-23T20:56:30Z,2020-09-17T15:14:50Z,115,1061,252,3643
koalaman/shellcheck,Haskell,2012-11-17T03:15:11Z,2020-09-17T14:30:25Z,25,222,597,1174
vim/vim,Vim script,2015-08-18T21:03:56Z,2020-09-17T14:34:00Z,0,3,968,3261
akveo/ngx-admin,TypeScript,2016-05-25T10:09:03Z,2020-09-17T08:12:27Z,16,297,318,1275
remy/nodemon,JavaScript,2010-10-03T12:50:52Z,2020-09-17T16:10:56Z,70,260,9,1318
go-gitea/gitea,Go,2016-11-01T02:13:26Z,2020-09-17T17:04:42Z,97,5864,1279,4740
FFmpeg/FFmpeg,C,2011-04-14T14:12:38Z,2020-09-17T16:19:38Z,11,15,0,0
codemirror/CodeMirror,JavaScript,2011-01-14T13:44:03Z,2020-09-17T15:35:11Z,134,419,363,3395
heartcombo/devise,Ruby,2009-09-16T12:15:12Z,2020-09-17T15:14:00Z,14,730,72,3908
pure-css/pure,JavaScript,2013-04-22T16:16:39Z,2020-09-17T16:43:52Z,19,137,4,541
fouber/blog,NONE,2014-04-25T09:44:42Z,2020-09-17T16:19:43Z,0,1,11,2
ageron/handson-ml,Jupyter Notebook,2016-02-16T19:48:39Z,2020-09-17T14:39:43Z,0,46,110,397
tiangolo/fastapi,Python,2018-12-08T08:21:47Z,2020-09-17T17:06:05Z,96,449,299,1082
sorrycc/awesome-javascript,NONE,2014-07-01T15:59:02Z,2020-09-17T17:05:38Z,0,302,18,55
t4t5/sweetalert,TypeScript,2014-09-30T11:12:48Z,2020-09-17T16:08:14Z,13,82,126,539
pypa/pipenv,Python,2017-01-20T00:44:02Z,2020-09-17T03:42:28Z,12,979,424,2760
SortableJS/Sortable,JavaScript,2013-12-19T10:10:13Z,2020-09-17T14:23:38Z,21,225,274,1196
JedWatson/react-select,JavaScript,2014-08-26T04:27:45Z,2020-09-17T16:49:18Z,12,821,292,2510
aria2/aria2,C++,2010-11-27T09:41:48Z,2020-09-17T16:09:11Z,22,194,735,664
facebook/flow,OCaml,2014-10-28T17:17:45Z,2020-09-17T15:22:24Z,183,158,2415,3949
typeorm/typeorm,TypeScript,2016-02-29T07:41:14Z,2020-09-17T15:37:37Z,0,1041,2033,3219
ggreer/the_silver_searcher,C,2011-11-19T19:50:47Z,2020-09-17T15:15:31Z,0,398,362,394
redux-saga/redux-saga,JavaScript,2015-11-29T16:58:12Z,2020-09-17T15:46:56Z,50,624,177,1181
littlecodersh/ItChat,Python,2016-01-19T07:49:48Z,2020-09-17T16:13:11Z,13,29,216,595
donnemartin/interactive-coding-challenges,Python,2015-04-28T21:36:39Z,2020-09-17T17:10:57Z,0,176,25,29
kahun/awesome-sysadmin,NONE,2014-02-09T22:39:20Z,2020-09-17T15:13:26Z,0,183,76,21
go-gorm/gorm,Go,2013-10-25T08:31:38Z,2020-09-17T15:28:39Z,1,353,5,2844
CymChad/BaseRecyclerViewAdapterHelper,Java,2016-04-10T07:40:11Z,2020-09-17T10:01:52Z,191,190,240,2821
GoogleChrome/lighthouse,JavaScript,2016-03-08T01:03:11Z,2020-09-17T15:51:17Z,59,3296,457,6694
hankcs/HanLP,Python,2014-10-09T06:36:16Z,2020-09-17T15:00:03Z,50,62,12,1242
atlassian/react-beautiful-dnd,JavaScript,2017-08-09T03:37:15Z,2020-09-17T16:42:23Z,66,470,271,861
pyenv/pyenv,Shell,2012-08-31T06:57:52Z,2020-09-17T16:50:59Z,28,419,209,924
docker/compose,Python,2013-12-09T11:40:58Z,2020-09-17T13:03:20Z,138,1924,385,4692
Tencent/wepy,JavaScript,2016-11-14T08:06:56Z,2020-09-17T13:28:46Z,8,424,319,1763
syl20bnr/spacemacs,Emacs Lisp,2012-12-17T21:34:03Z,2020-09-17T15:22:05Z,158,728,687,6845
hashicorp/vagrant,Ruby,2010-01-21T08:34:27Z,2020-09-17T15:03:52Z,0,2278,377,8213
junegunn/vim-plug,Vim script,2013-09-10T14:58:51Z,2020-09-17T16:04:32Z,4,151,37,748
ovity/octotree,NONE,2014-05-09T18:15:20Z,2020-09-17T14:20:42Z,0,249,36,584
Advanced-Frontend/Daily-Interview-Question,JavaScript,2019-01-19T10:49:00Z,2020-09-17T16:49:14Z,0,14,160,234
goabstract/Awesome-Design-Tools,JavaScript,2019-02-12T13:55:30Z,2020-09-17T16:59:29Z,0,282,0,25
airbnb/lottie-ios,Swift,2016-10-06T22:38:38Z,2020-09-17T14:48:35Z,39,308,166,689
dimsemenov/PhotoSwipe,JavaScript,2011-04-07T05:46:29Z,2020-09-17T15:44:02Z,11,49,509,1025
kriasoft/react-starter-kit,JavaScript,2014-04-16T13:08:18Z,2020-09-16T21:47:59Z,5,482,441,715
sindresorhus/awesome-electron,NONE,2015-04-23T11:48:53Z,2020-09-17T14:48:27Z,0,236,9,35
typicode/husky,JavaScript,2014-06-23T12:14:21Z,2020-09-17T15:38:48Z,34,140,146,376
nlohmann/json,C++,2013-07-04T08:47:49Z,2020-09-17T15:43:49Z,34,397,18,1719
jgm/pandoc,Haskell,2010-03-20T20:34:23Z,2020-09-17T16:32:37Z,81,1040,642,4610
angular/components,TypeScript,2016-01-04T18:50:02Z,2020-09-17T12:17:09Z,153,7556,1766,9693
Netflix/Hystrix,Java,2012-11-19T20:14:46Z,2020-09-17T12:28:34Z,79,672,332,671
github/hub,Go,2009-12-05T22:15:25Z,2020-09-17T16:40:12Z,60,393,196,1561
mbeaudru/modern-js-cheatsheet,NONE,2017-09-18T14:56:00Z,2020-09-17T04:56:23Z,0,80,6,36
microsoft/calculator,C++,2019-01-28T17:55:49Z,2020-09-17T15:18:29Z,0,566,148,500
FezVrasta/bootstrap-material-design,CSS,2014-08-18T11:54:00Z,2020-09-17T14:48:25Z,28,193,56,1034
powerline/fonts,Shell,2012-12-19T13:31:50Z,2020-09-17T08:58:36Z,1,72,143,83
hashicorp/consul,Go,2013-11-04T22:15:27Z,2020-09-17T17:01:20Z,17,4010,640,3310
google/iosched,Kotlin,2014-04-01T22:40:40Z,2020-09-17T12:58:45Z,2,57,35,171
alebcay/awesome-shell,NONE,2014-07-07T01:57:42Z,2020-09-17T17:09:44Z,0,280,21,17
bevacqua/dragula,JavaScript,2015-04-13T21:35:38Z,2020-09-17T10:00:48Z,0,57,186,290
reduxjs/react-redux,JavaScript,2015-07-11T17:32:01Z,2020-09-17T15:06:53Z,91,356,26,1037
Meituan-Dianping/mpvue,JavaScript,2018-03-07T03:09:25Z,2020-09-17T13:40:29Z,19,64,410,1262
mqyqingfeng/Blog,NONE,2017-03-13T10:04:33Z,2020-09-17T12:19:11Z,0,3,96,80
SwiftyJSON/SwiftyJSON,Swift,2014-06-18T14:41:15Z,2020-09-17T08:52:06Z,21,213,93,559
bvaughn/react-virtualized,JavaScript,2015-11-03T00:48:07Z,2020-09-17T07:35:17Z,3,438,313,691
jobbole/awesome-python-cn,Makefile,2015-11-03T09:50:50Z,2020-09-17T14:04:36Z,0,45,3,12
MrRio/jsPDF,JavaScript,2009-12-06T14:56:32Z,2020-09-17T16:33:37Z,26,615,109,1715
mitmproxy/mitmproxy,Python,2010-02-16T04:10:13Z,2020-09-17T15:17:59Z,34,1519,275,2035
iptv-org/iptv,JavaScript,2018-11-14T22:00:57Z,2020-09-17T16:42:29Z,0,1231,95,306
guzzle/guzzle,PHP,2011-02-28T02:44:05Z,2020-09-17T16:08:15Z,39,779,220,1404
ReactiveCocoa/ReactiveCocoa,Swift,2012-03-02T22:11:24Z,2020-09-17T15:24:10Z,78,1338,44,1948
facebookarchive/pop,Objective-C++,2014-03-30T22:29:12Z,2020-09-17T15:23:29Z,3,100,44,211
mochajs/mocha,JavaScript,2011-03-07T18:44:25Z,2020-09-17T13:27:55Z,55,1021,266,2318
bradtraversy/design-resources-for-developers,NONE,2020-05-06T14:40:35Z,2020-09-17T17:08:42Z,0,403,0,42
dmlc/xgboost,C++,2014-02-06T17:28:03Z,2020-09-17T14:46:24Z,26,2050,224,3408
iperov/DeepFaceLab,Python,2018-06-04T13:10:00Z,2020-09-17T14:15:21Z,2,31,160,629
googlehosts/hosts,NONE,2017-08-05T16:10:32Z,2020-09-17T17:04:14Z,0,50,52,338
dokku/dokku,Shell,2013-06-08T10:26:57Z,2020-09-17T13:21:15Z,166,1805,41,2023
matteocrippa/awesome-swift,Swift,2014-07-10T14:04:09Z,2020-09-17T15:20:16Z,0,1305,0,111
Reactive-Extensions/RxJS,JavaScript,2012-01-07T00:31:41Z,2020-09-17T13:39:03Z,34,520,231,643
markerikson/react-redux-links,NONE,2016-01-22T02:10:28Z,2020-09-17T14:01:11Z,0,58,14,22
SwiftGGTeam/the-swift-programming-language-in-chinese,CSS,2014-06-03T04:44:09Z,2020-09-17T14:48:24Z,1,644,8,342
emscripten-core/emscripten,C++,2011-02-12T05:23:30Z,2020-09-17T15:57:23Z,0,5306,728,4983
byoungd/English-level-up-tips-for-Chinese,NONE,2017-05-30T07:18:52Z,2020-09-17T14:48:36Z,0,20,11,43
railsware/upterm,TypeScript,2015-03-22T07:00:24Z,2020-09-17T08:34:49Z,187,293,219,534
influxdata/influxdb,Go,2013-09-26T14:31:10Z,2020-09-17T14:41:22Z,42,7714,1033,9440
pugjs/pug,JavaScript,2010-06-23T01:05:42Z,2020-09-17T15:32:39Z,17,492,227,2224
ColorlibHQ/gentelella,HTML,2015-05-15T06:57:27Z,2020-09-17T13:07:43Z,7,161,22,608
usablica/intro.js,HTML,2013-03-10T15:12:45Z,2020-09-17T15:31:18Z,18,141,220,372
jgraph/drawio,JavaScript,2016-09-06T12:59:15Z,2020-09-17T16:15:05Z,448,23,333,725
donnemartin/data-science-ipython-notebooks,Python,2015-01-23T19:38:29Z,2020-09-17T14:01:12Z,0,31,7,20
BradLarson/GPUImage,Objective-C,2012-02-13T15:20:02Z,2020-09-17T15:24:24Z,3,241,900,1301
ramda/ramda,JavaScript,2013-06-21T20:32:35Z,2020-09-17T17:11:24Z,24,1194,197,1276
CorentinJ/Real-Time-Voice-Cloning,Python,2019-05-26T08:56:15Z,2020-09-17T14:48:40Z,0,29,37,414
fastai/fastai,Jupyter Notebook,2017-09-09T17:43:36Z,2020-09-17T15:15:25Z,5,1248,32,1125
paularmstrong/normalizr,JavaScript,2014-08-20T08:41:38Z,2020-09-17T15:54:00Z,24,94,19,266
tornadoweb/tornado,Python,2009-09-09T04:55:16Z,2020-09-17T14:48:18Z,0,760,173,1421
vapor/vapor,Swift,2016-01-18T22:37:52Z,2020-09-17T16:35:39Z,352,916,57,1260
julycoding/The-Art-Of-Programming-By-July,C,2013-12-14T10:00:06Z,2020-09-17T09:04:44Z,0,253,45,82
react-native-elements/react-native-elements,JavaScript,2016-09-08T14:21:41Z,2020-09-17T15:22:01Z,63,766,29,1508
chubin/cheat.sh,Python,2017-05-07T21:40:56Z,2020-09-17T10:07:12Z,0,82,70,69
nagadomi/waifu2x,Lua,2015-05-17T07:29:15Z,2020-09-17T12:57:53Z,3,63,112,168
petkaantonov/bluebird,JavaScript,2013-09-07T19:39:57Z,2020-09-17T15:55:26Z,123,289,59,1062
doczjs/docz,TypeScript,2018-03-17T04:24:10Z,2020-09-17T14:40:25Z,126,344,41,1084
FallibleInc/security-guide-for-developers,NONE,2016-06-08T15:56:25Z,2020-09-17T15:21:20Z,0,26,8,4
lukasz-madon/awesome-remote-job,NONE,2015-01-02T00:31:34Z,2020-09-17T15:43:50Z,0,475,4,35
trailofbits/algo,Python,2016-05-15T03:42:48Z,2020-09-17T16:18:50Z,2,446,70,1246
nefe/You-Dont-Need-jQuery,JavaScript,2015-11-21T16:02:26Z,2020-09-17T13:27:00Z,1,158,8,57
dotnet/aspnetcore,C#,2014-03-11T06:09:42Z,2020-09-17T16:28:47Z,93,6017,2524,15448
inconshreveable/ngrok,Go,2013-03-20T09:37:43Z,2020-09-17T17:11:24Z,0,34,246,384
pcottle/learnGitBranching,JavaScript,2012-08-13T22:36:09Z,2020-09-17T14:05:08Z,0,354,30,294
tipsy/profile-summary-for-github,Vue,2017-12-10T13:29:15Z,2020-09-17T13:28:17Z,0,20,12,57
wsargent/docker-cheat-sheet,NONE,2014-08-05T20:04:20Z,2020-09-17T05:58:19Z,0,128,5,22
futurice/android-best-practices,NONE,2014-07-29T09:09:44Z,2020-09-17T12:59:40Z,0,80,22,61
ReactiveX/RxAndroid,Java,2014-08-19T03:46:38Z,2020-09-17T06:04:46Z,18,167,0,338
acmesh-official/acme.sh,Shell,2015-12-26T12:56:33Z,2020-09-17T14:00:14Z,29,922,542,1281
kubernetes/minikube,Go,2016-04-15T22:38:35Z,2020-09-17T16:00:43Z,100,3632,387,4618
ReactiveX/RxSwift,Swift,2015-04-07T21:25:17Z,2020-09-17T08:22:37Z,64,683,7,1071
enzymejs/enzyme,JavaScript,2015-11-10T21:45:38Z,2020-09-17T07:41:00Z,0,633,237,1426
facebook/docusaurus,TypeScript,2017-06-20T16:13:53Z,2020-09-17T16:56:50Z,84,2014,176,1020
jlmakes/scrollreveal,JavaScript,2014-01-16T17:37:20Z,2020-09-17T14:48:23Z,0,32,13,444
domnikl/DesignPatternsPHP,PHP,2011-08-22T05:24:31Z,2020-09-17T06:39:12Z,0,224,2,92
SamyPesse/How-to-Make-a-Computer-Operating-System,C,2013-11-29T17:36:32Z,2020-09-17T15:30:50Z,1,42,40,25
NativeScript/NativeScript,TypeScript,2015-03-01T09:47:08Z,2020-09-17T16:55:33Z,69,2573,734,5092
kataras/iris,Go,2016-01-30T04:36:48Z,2020-09-17T16:08:42Z,14,157,15,636
cockroachdb/cockroach,Go,2014-02-06T00:18:47Z,2020-09-17T16:55:03Z,0,24281,3225,24479
apache/incubator-mxnet,C++,2015-04-30T16:21:15Z,2020-09-17T17:00:33Z,22,7788,1568,7444
HeroTransitions/Hero,Swift,2016-11-24T18:49:37Z,2020-09-17T15:41:55Z,35,94,176,378
mattermost/mattermost-server,Go,2015-06-15T06:50:02Z,2020-09-17T14:49:43Z,210,9212,460,4476
rollup/rollup,JavaScript,2015-05-14T22:26:28Z,2020-09-17T16:52:04Z,210,1157,226,2178
QSCTech/zju-icicles,HTML,2016-06-28T16:17:32Z,2020-09-17T16:23:19Z,0,95,6,33
tmux/tmux,C,2015-06-03T23:32:55Z,2020-09-17T13:55:06Z,30,0,8,2017
facebook/draft-js,JavaScript,2016-02-19T20:18:26Z,2020-09-17T17:03:58Z,26,212,645,917
feathericons/feather,JavaScript,2014-05-28T19:49:55Z,2020-09-17T15:37:38Z,50,91,282,204
postcss/autoprefixer,JavaScript,2013-03-14T05:04:51Z,2020-09-17T15:06:27Z,156,240,29,1026
chenglou/react-motion,JavaScript,2015-06-11T07:38:23Z,2020-09-17T16:28:13Z,4,144,145,242
encode/django-rest-framework,Python,2011-03-02T17:13:56Z,2020-09-17T15:48:05Z,13,2505,190,3345
MostlyAdequate/mostly-adequate-guide,JavaScript,2015-05-06T01:44:15Z,2020-09-17T15:15:40Z,0,263,49,191
react-navigation/react-navigation,TypeScript,2017-01-26T19:51:40Z,2020-09-17T13:28:09Z,540,863,208,7183
pjreddie/darknet,C,2014-04-11T07:59:16Z,2020-09-17T16:34:51Z,0,9,1568,481
cfenollosa/os-tutorial,C,2014-09-29T08:39:34Z,2020-09-17T17:11:22Z,0,11,42,64
OAI/OpenAPI-Specification,JavaScript,2014-03-03T16:53:36Z,2020-09-17T17:07:47Z,8,599,446,1081
odoo/odoo,JavaScript,2014-05-13T15:38:58Z,2020-09-17T16:53:47Z,0,6077,1372,11441
d2l-ai/d2l-zh,Python,2017-08-23T04:40:24Z,2020-09-17T16:38:50Z,10,478,0,0
tj/commander.js,JavaScript,2011-08-14T21:33:58Z,2020-09-17T14:49:02Z,47,403,16,696
AobingJava/JavaFamily,NONE,2019-11-12T04:26:18Z,2020-09-17T16:21:43Z,0,2,9,33
geekcomputers/Python,Python,2011-11-30T09:04:08Z,2020-09-17T16:56:17Z,0,545,90,69
balena-io/etcher,TypeScript,2015-10-27T16:53:23Z,2020-09-17T15:48:06Z,133,1558,259,1260
SeleniumHQ/selenium,Java,2013-01-14T21:40:56Z,2020-09-17T16:31:16Z,27,578,299,6428
hasura/graphql-engine,Haskell,2018-06-18T07:57:36Z,2020-09-17T14:39:24Z,78,1970,1039,2043
vlang/v,V,2019-02-08T02:57:06Z,2020-09-17T16:40:00Z,25,2921,698,2155
denysdovhan/wtfjs,JavaScript,2017-07-14T15:42:12Z,2020-09-17T16:16:16Z,0,57,44,28
JohnCoates/Aerial,Swift,2015-10-26T21:21:31Z,2020-09-17T15:21:49Z,135,204,47,768
fengdu78/Coursera-ML-AndrewNg-Notes,HTML,2017-11-04T10:04:08Z,2020-09-17T14:57:57Z,0,9,37,11
ruanyf/es6tutorial,JavaScript,2014-04-20T13:06:28Z,2020-09-17T10:08:11Z,0,316,0,485
CMU-Perceptual-Computing-Lab/openpose,C++,2017-04-24T14:06:31Z,2020-09-17T15:04:49Z,14,130,40,1401
mongodb/mongo,C++,2009-01-15T16:15:18Z,2020-09-17T16:50:56Z,0,114,0,0
segmentio/nightmare,JavaScript,2014-04-05T22:19:51Z,2020-09-17T15:19:38Z,1,251,157,1060
ianstormtaylor/slate,TypeScript,2016-06-18T01:52:42Z,2020-09-17T16:14:21Z,18,1122,251,2074
google/gson,Java,2015-03-19T18:21:20Z,2020-09-17T14:42:10Z,0,203,447,869
google/web-starter-kit,HTML,2014-04-07T08:45:18Z,2020-09-17T10:10:43Z,14,234,45,534
lenve/vhr,Java,2018-01-04T08:57:51Z,2020-09-17T15:27:32Z,0,0,122,83
bannedbook/fanqiang,Rich Text Format,2015-01-14T00:34:25Z,2020-09-17T15:02:53Z,12,1,204,329
spf13/cobra,Go,2013-09-03T20:40:26Z,2020-09-17T16:33:10Z,8,331,182,446
veggiemonk/awesome-docker,NONE,2014-09-21T17:01:48Z,2020-09-17T16:14:04Z,1,710,1,106
bilibili/flv.js,JavaScript,2016-05-12T08:34:31Z,2020-09-17T13:40:28Z,12,16,287,269
Prinzhorn/skrollr,HTML,2012-03-18T15:41:35Z,2020-09-17T10:37:43Z,0,35,243,533
swagger-api/swagger-ui,JavaScript,2011-07-15T22:56:39Z,2020-09-17T15:24:18Z,162,1486,538,3665
verekia/js-stack-from-scratch,JavaScript,2016-10-02T13:31:23Z,2020-09-16T19:18:28Z,1,55,39,118
nsqio/nsq,Go,2012-05-12T14:37:08Z,2020-09-17T15:44:47Z,29,615,42,493
openfaas/faas,Go,2016-12-22T12:51:39Z,2020-09-17T13:12:45Z,128,619,62,635
android/architecture-components-samples,Kotlin,2017-05-09T21:09:14Z,2020-09-17T13:45:57Z,0,183,99,492
xi-editor/xi-editor,Rust,2016-04-26T23:03:23Z,2020-09-16T22:52:35Z,0,641,125,388
react-bootstrap/react-bootstrap,JavaScript,2013-12-27T19:06:07Z,2020-09-17T14:41:37Z,4,2119,92,2719
Wox-launcher/Wox,C#,2013-12-19T15:49:32Z,2020-09-17T17:06:00Z,38,276,424,2343
vuejs/vue-devtools,JavaScript,2014-09-29T03:52:07Z,2020-09-17T12:00:30Z,35,198,252,695
apache/airflow,Python,2015-04-13T18:04:58Z,2020-09-17T16:48:37Z,18,5693,599,1202
ftlabs/fastclick,HTML,2012-02-13T08:38:00Z,2020-09-17T02:21:29Z,3,67,212,179
avajs/ava,JavaScript,2014-11-18T17:20:26Z,2020-09-17T15:36:14Z,75,857,77,1324
pmndrs/react-spring,JavaScript,2018-03-07T15:39:32Z,2020-09-17T13:28:18Z,4,210,111,684
sqlmapproject/sqlmap,Python,2012-06-26T09:52:15Z,2020-09-17T13:26:19Z,5,117,45,3959
poteto/hiring-without-whiteboards,JavaScript,2017-03-15T05:09:01Z,2020-09-17T16:15:10Z,0,905,0,0
afollestad/material-dialogs,Kotlin,2014-11-03T03:21:42Z,2020-09-17T08:40:32Z,92,179,49,1154
labstack/echo,Go,2015-03-01T17:43:01Z,2020-09-17T15:12:25Z,79,321,26,1019
jorgebucaran/hyperapp,JavaScript,2017-01-20T05:20:21Z,2020-09-17T15:12:54Z,26,246,15,520
curl/curl,C,2010-03-18T22:32:22Z,2020-09-17T16:09:28Z,47,117,23,2426
ipfs/ipfs,NONE,2014-02-11T07:28:24Z,2020-09-17T13:28:01Z,0,119,0,202
yunjey/pytorch-tutorial,Python,2017-03-10T07:41:47Z,2020-09-17T15:23:24Z,0,28,49,111
sampotts/plyr,JavaScript,2015-02-14T11:33:07Z,2020-09-17T14:28:25Z,69,293,484,1035
bcit-ci/CodeIgniter,PHP,2011-08-19T13:34:00Z,2020-09-17T14:48:19Z,0,1273,60,3073
komeiji-satori/Dress,Standard ML,2018-02-11T03:49:29Z,2020-09-17T14:48:38Z,0,386,86,228
jamiebuilds/the-super-tiny-compiler,JavaScript,2016-03-11T04:19:18Z,2020-09-17T07:07:03Z,0,20,0,0
go-kit/kit,Go,2015-02-03T00:01:19Z,2020-09-17T16:51:10Z,10,420,63,409
golang-standards/project-layout,Makefile,2017-09-09T16:33:26Z,2020-09-17T17:11:09Z,0,22,36,11
helm/helm,Go,2015-10-06T01:07:32Z,2020-09-17T15:32:32Z,121,2950,491,4458
hashicorp/vault,Go,2015-02-25T00:15:59Z,2020-09-17T17:08:24Z,0,5248,625,3232
jaredhanson/passport,JavaScript,2011-10-08T22:38:32Z,2020-09-17T16:54:50Z,0,44,326,327
dotnet/corefx,NONE,2014-11-06T23:42:48Z,2020-09-16T14:20:45Z,92,21728,0,0
felixrieseberg/windows95,TypeScript,2018-08-23T05:04:38Z,2020-09-17T08:17:04Z,11,15,64,87
mbadolato/iTerm2-Color-Schemes,Shell,2011-04-01T04:01:46Z,2020-09-17T09:53:06Z,0,173,13,49
psf/black,Python,2018-03-14T19:54:45Z,2020-09-17T12:09:36Z,4,427,325,851
keon/algorithms,Python,2016-11-17T22:32:08Z,2020-09-17T14:48:18Z,0,368,38,78
Seldaek/monolog,PHP,2011-02-17T02:07:15Z,2020-09-17T13:00:51Z,40,568,26,610
immerjs/immer,JavaScript,2017-12-29T12:25:47Z,2020-09-17T14:56:01Z,69,204,7,408
xkcoding/spring-boot-demo,Java,2017-11-10T06:27:29Z,2020-09-17T16:39:28Z,0,11,48,57
YMFE/yapi,JavaScript,2016-05-30T09:09:09Z,2020-09-17T14:31:09Z,0,107,978,765
parse-community/parse-server,JavaScript,2016-01-28T18:29:14Z,2020-09-17T16:53:07Z,77,2469,94,3646
Popmotion/popmotion,JavaScript,2014-08-17T16:23:07Z,2020-09-17T16:43:24Z,0,290,15,538
SnapKit/Masonry,Objective-C,2013-07-22T01:15:48Z,2020-09-17T15:14:14Z,1,75,118,329
laurent22/joplin,JavaScript,2017-01-16T21:49:41Z,2020-09-17T17:10:42Z,148,751,178,2491
dhg/Skeleton,CSS,2011-04-30T20:04:24Z,2020-09-17T16:42:00Z,6,25,71,123
davideuler/architecture.of.internet-product,NONE,2018-04-30T10:25:31Z,2020-09-17T14:46:16Z,0,1,7,3
localForage/localForage,JavaScript,2013-10-31T00:10:06Z,2020-09-17T15:38:49Z,25,266,162,469
viatsko/awesome-vscode,JavaScript,2016-02-07T23:02:45Z,2020-09-17T09:52:34Z,0,223,13,21
stedolan/jq,C,2012-07-18T19:57:25Z,2020-09-17T15:22:38Z,9,205,526,1175
matterport/Mask_RCNN,Python,2017-10-19T20:28:34Z,2020-09-17T14:37:33Z,3,65,1446,683
facebook/rocksdb,C++,2012-11-30T06:16:18Z,2020-09-17T16:48:16Z,125,546,381,1634
ruanyf/jstraining,NONE,2016-10-27T12:00:26Z,2020-09-17T12:50:20Z,0,17,0,41
servo/servo,Rust,2012-02-08T19:07:25Z,2020-09-17T14:57:49Z,0,13637,3250,8072
google/python-fire,Python,2017-02-21T21:35:07Z,2020-09-17T15:30:16Z,7,43,66,121
jcjohnson/neural-style,Lua,2015-09-01T04:55:14Z,2020-09-17T09:27:47Z,0,16,293,143
square/picasso,Java,2013-05-14T15:07:47Z,2020-09-17T11:07:58Z,7,473,185,1325
lovell/sharp,JavaScript,2013-08-19T20:24:24Z,2020-09-17T16:20:41Z,29,176,85,2024
alibaba/weex,NONE,2016-03-11T10:18:11Z,2020-09-17T13:27:03Z,6,1083,535,1310
Homebrew/homebrew-cask,Ruby,2012-03-05T02:05:17Z,2020-09-17T17:05:58Z,81,69544,32,5489
yeasy/docker_practice,Go,2014-09-05T04:06:39Z,2020-09-17T13:26:17Z,13,232,3,181
libgdx/libgdx,Java,2012-08-10T19:34:38Z,2020-09-17T15:09:05Z,4,2111,165,3027
tobiasahlin/SpinKit,CSS,2013-12-12T23:29:41Z,2020-09-17T13:02:24Z,9,51,3,52
elixir-lang/elixir,Elixir,2011-01-09T08:43:57Z,2020-09-17T16:37:58Z,103,5117,9,4151
typescript-cheatsheets/react,JavaScript,2018-06-02T04:08:16Z,2020-09-17T16:38:46Z,0,160,12,103
vuejs/vuepress,JavaScript,2018-04-05T16:58:38Z,2020-09-17T16:37:22Z,11,709,301,1262
necolas/react-native-web,JavaScript,2015-06-09T19:25:38Z,2020-09-17T15:54:29Z,15,22,60,1213
TeamStuQ/skill-map,HTML,2015-11-17T11:17:38Z,2020-09-17T13:27:54Z,2,42,66,14
kilimchoi/engineering-blogs,Ruby,2015-06-13T18:25:17Z,2020-09-17T17:02:38Z,0,679,2,75
jesseduffield/lazygit,Go,2018-05-19T00:53:06Z,2020-09-17T17:11:16Z,98,409,116,408
ruby/ruby,Ruby,2010-02-27T15:55:23Z,2020-09-17T15:30:57Z,0,853,0,0
jhipster/generator-jhipster,JavaScript,2013-10-21T20:07:22Z,2020-09-17T16:40:44Z,4,5733,109,5941
google/googletest,C++,2015-07-28T15:07:53Z,2020-09-17T16:26:50Z,2,639,115,1450
getredash/redash,JavaScript,2013-10-28T13:19:39Z,2020-09-17T11:01:22Z,95,2506,387,1581
geekxh/hello-algorithm,Java,2020-05-29T05:47:09Z,2020-09-17T16:37:35Z,0,18,0,21
seata/seata,Java,2018-12-28T08:37:22Z,2020-09-17T14:46:59Z,28,1068,393,1306
drduh/macOS-Security-and-Privacy-Guide,Python,2015-08-31T03:36:35Z,2020-09-17T16:42:27Z,0,130,4,214
airyland/vux,Vue,2016-02-15T03:23:27Z,2020-09-17T13:31:20Z,78,308,781,2471
nikitavoloboev/my-mac-os,NONE,2016-03-04T12:26:34Z,2020-09-17T14:48:33Z,0,14,2,68
explosion/spaCy,Python,2014-07-03T15:15:40Z,2020-09-17T15:00:24Z,68,1663,178,4026
npm/npm,NONE,2009-09-29T17:21:24Z,2020-09-17T15:37:30Z,261,439,2167,16504
reduxjs/reselect,JavaScript,2015-07-01T11:06:45Z,2020-09-17T12:31:25Z,22,93,67,240
goldfire/howler.js,JavaScript,2013-01-28T16:47:12Z,2020-09-17T16:11:21Z,21,115,213,953
osquery/osquery,C++,2014-07-29T20:27:33Z,2020-09-17T13:32:57Z,105,3433,435,2091
chrisbanes/PhotoView,Java,2012-07-17T16:39:00Z,2020-09-17T12:56:12Z,5,52,148,472
BoostIO/Boostnote,JavaScript,2016-03-06T17:06:07Z,2020-09-17T16:53:20Z,15,1071,419,1868
eslint/eslint,JavaScript,2013-06-29T23:59:48Z,2020-09-17T15:54:25Z,220,4554,101,7988
commaai/openpilot,C++,2016-11-24T01:33:30Z,2020-09-17T15:36:45Z,24,953,52,521
hollischuang/toBeTopJavaer,Java,2018-10-25T09:54:54Z,2020-09-17T16:19:49Z,0,30,20,37
benweet/stackedit,JavaScript,2013-03-24T13:46:06Z,2020-09-17T16:57:21Z,13,35,574,965
highlightjs/highlight.js,JavaScript,2011-01-01T23:47:21Z,2020-09-17T16:52:03Z,8,910,46,1361
zhaoolee/ChromeAppHeroes,JavaScript,2019-02-07T06:35:24Z,2020-09-17T14:48:39Z,0,7,9,27
vuejs/vue-router,JavaScript,2013-12-11T19:37:46Z,2020-09-17T16:41:14Z,73,530,83,2395
ApolloAuto/apollo,C++,2017-07-04T19:03:31Z,2020-09-17T15:17:01Z,8,8985,558,2045
Binaryify/NeteaseCloudMusicApi,JavaScript,2016-06-22T11:58:03Z,2020-09-17T15:18:59Z,95,90,36,776
rwaldron/idiomatic.js,NONE,2011-05-25T17:48:59Z,2020-09-17T14:05:05Z,0,108,32,44
rust-unofficial/awesome-rust,Rust,2014-07-17T10:45:10Z,2020-09-17T08:38:45Z,0,802,14,71
alibaba/easyexcel,Java,2018-02-06T03:14:08Z,2020-09-17T14:14:18Z,1,47,55,1388
prisma/prisma1,Scala,2016-09-25T12:54:40Z,2020-09-15T23:32:13Z,181,1319,498,2915
gfwlist/gfwlist,NONE,2015-03-13T13:24:56Z,2020-09-17T12:11:40Z,0,0,515,1458
kelthuzadx/hosts,Rascal,2014-07-04T01:05:27Z,2020-09-17T10:55:26Z,2,286,3,888
qiurunze123/miaosha,Java,2018-09-14T04:36:24Z,2020-09-17T13:20:33Z,0,8,19,29
apache/kafka,Java,2011-08-15T18:06:16Z,2020-09-17T16:26:28Z,0,3325,0,0
microsoft/CNTK,C++,2015-11-26T09:52:06Z,2020-09-17T13:24:11Z,32,257,741,2512
SnapKit/SnapKit,Swift,2014-06-05T21:13:40Z,2020-09-17T15:33:18Z,11,111,70,429
facebook/flux,JavaScript,2014-07-20T23:33:08Z,2020-09-17T13:33:15Z,0,158,13,216
marktext/marktext,JavaScript,2017-11-12T16:05:25Z,2020-09-17T16:41:31Z,31,768,398,1111
nicolargo/glances,Python,2011-12-04T08:49:15Z,2020-09-17T16:12:48Z,20,370,186,1074
fabricjs/fabric.js,JavaScript,2010-06-09T22:24:38Z,2020-09-17T08:50:14Z,105,1402,223,4541
eriklindernoren/ML-From-Scratch,Python,2017-02-05T12:11:23Z,2020-09-17T17:08:05Z,0,9,22,33
julianshapiro/velocity,TypeScript,2014-04-09T20:02:38Z,2020-09-17T15:23:18Z,18,54,40,768
nostra13/Android-Universal-Image-Loader,Java,2011-11-27T18:48:23Z,2020-09-17T09:22:19Z,0,51,435,771
onevcat/Kingfisher,Swift,2015-04-06T14:26:21Z,2020-09-17T17:11:48Z,136,435,47,934
wuyouzhuguli/SpringAll,Java,2018-05-02T02:48:44Z,2020-09-17T14:51:23Z,0,1,8,24
git-tips/tips,JavaScript,2015-07-15T07:24:48Z,2020-09-17T17:00:13Z,0,127,11,16
palantir/blueprint,TypeScript,2016-10-25T21:17:50Z,2020-09-17T13:28:11Z,110,1731,520,1701
sebastianruder/NLP-progress,Python,2018-06-22T17:43:55Z,2020-09-17T17:09:25Z,3,359,20,62
defunkt/jquery-pjax,JavaScript,2011-02-26T02:44:18Z,2020-09-17T15:13:42Z,11,81,55,386
graphql/graphql-js,JavaScript,2015-06-30T12:16:50Z,2020-09-17T16:26:10Z,111,1640,104,779
facebook/hhvm,C++,2010-01-02T01:17:06Z,2020-09-17T16:17:46Z,15,88,573,5181
halo-dev/halo,Java,2018-03-21T12:56:52Z,2020-09-17T16:02:24Z,56,240,72,621
wekan/wekan,JavaScript,2014-01-21T01:26:28Z,2020-09-17T09:38:45Z,145,561,592,1841
adobe-fonts/source-code-pro,CSS,2012-08-09T23:14:02Z,2020-09-17T13:58:21Z,11,42,47,144
angular/material,JavaScript,2014-07-01T19:20:06Z,2020-09-17T07:42:16Z,11,863,353,8605
uglide/RedisDesktopManager,C++,2013-08-05T07:51:08Z,2020-09-17T14:55:32Z,64,279,28,4306
swisskyrepo/PayloadsAllTheThings,Python,2016-10-18T07:29:07Z,2020-09-17T17:09:34Z,1,175,8,40
sebastianbergmann/phpunit,PHP,2009-12-24T13:16:23Z,2020-09-17T13:42:21Z,0,689,125,2674
InterviewMap/CS-Interview-Knowledge-Map,NONE,2018-03-19T02:38:12Z,2020-09-17T07:16:41Z,0,60,27,74
Micropoor/Micro8,NONE,2019-02-18T08:30:52Z,2020-09-17T14:48:39Z,0,2,12,30
judasn/IntelliJ-IDEA-Tutorial,NONE,2015-08-17T15:25:52Z,2020-09-17T14:06:21Z,0,37,5,66
wenyan-lang/wenyan,TypeScript,2019-12-08T20:21:32Z,2020-09-17T14:51:46Z,13,160,159,295
wangzheng0822/algo,Python,2018-09-24T05:33:46Z,2020-09-17T14:42:14Z,0,321,86,21
microsoft/playwright,TypeScript,2019-11-15T18:32:42Z,2020-09-17T17:12:44Z,20,2639,140,867
vercel/pkg,JavaScript,2016-08-08T19:41:59Z,2020-09-17T13:30:37Z,22,49,531,335
less/less.js,JavaScript,2010-02-20T17:25:38Z,2020-09-17T09:33:19Z,29,423,144,2536
facebook/fresco,Java,2015-03-02T09:58:04Z,2020-09-17T06:41:13Z,42,81,115,2009
google/ExoPlayer,Java,2014-06-13T21:19:18Z,2020-09-17T14:10:38Z,2,447,416,6581
js-cookie/js-cookie,JavaScript,2015-03-19T15:57:47Z,2020-09-17T16:51:16Z,29,51,3,436
validatorjs/validator.js,JavaScript,2010-10-06T06:58:48Z,2020-09-17T17:12:30Z,5,453,97,643
uikit/uikit,CSS,2013-07-18T16:00:26Z,2020-09-17T12:10:06Z,168,190,598,3151
notable/notable,TypeScript,2018-12-22T13:57:19Z,2020-09-17T15:50:51Z,20,25,423,797
quasarframework/quasar,JavaScript,2015-10-05T15:45:36Z,2020-09-17T16:37:06Z,342,2266,177,4712
microsoft/api-guidelines,NONE,2016-07-12T20:01:24Z,2020-09-17T16:37:19Z,0,70,26,56
jesseduffield/lazydocker,Go,2019-05-18T08:53:50Z,2020-09-17T14:31:30Z,25,79,71,73
twitter/typeahead.js,JavaScript,2013-02-19T19:45:01Z,2020-09-17T13:38:52Z,0,106,411,905
JacksonTian/fks,JavaScript,2012-10-17T05:55:16Z,2020-09-17T13:39:55Z,0,81,12,17
jenkinsci/jenkins,Java,2010-11-22T21:21:23Z,2020-09-17T16:55:52Z,61,3521,0,0
reactnativecn/react-native-guide,NONE,2015-04-10T03:34:17Z,2020-09-17T15:44:18Z,0,48,2,18
StevenBlack/hosts,Python,2012-04-12T20:22:50Z,2020-09-17T16:13:42Z,267,317,37,927
eggjs/egg,JavaScript,2016-06-18T06:53:23Z,2020-09-17T14:38:45Z,77,937,123,3275
winstonjs/winston,JavaScript,2010-12-29T18:49:51Z,2020-09-17T15:15:02Z,4,361,301,882
mojs/mojs,JavaScript,2014-06-26T08:49:14Z,2020-09-17T14:01:27Z,14,38,44,129
swoole/swoole-src,C++,2012-07-21T13:49:59Z,2020-09-17T16:04:51Z,194,926,40,2485
datasciencemasters/go,NONE,2013-08-14T08:33:55Z,2020-09-17T16:14:14Z,0,43,25,24
ElemeFE/mint-ui,Vue,2016-05-17T09:54:10Z,2020-09-17T13:28:21Z,11,297,238,981
HelloZeroNet/ZeroNet,Python,2015-01-12T00:41:38Z,2020-09-17T14:47:18Z,22,376,622,1381
nosir/cleave.js,JavaScript,2016-05-18T12:45:03Z,2020-09-16T21:52:12Z,66,132,125,319
portainer/portainer,JavaScript,2016-05-19T20:15:28Z,2020-09-17T16:22:42Z,74,1217,597,2266
sirupsen/logrus,Go,2013-10-16T19:08:55Z,2020-09-17T15:39:18Z,9,369,60,478
v8/v8,C++,2014-09-24T15:24:30Z,2020-09-17T16:06:25Z,0,0,0,0
google/flexbox-layout,Kotlin,2016-05-04T08:11:22Z,2020-09-17T11:25:50Z,24,244,72,201
jtoy/awesome-tensorflow,NONE,2016-02-27T17:00:27Z,2020-09-17T11:46:07Z,0,107,0,10
alsotang/node-lessons,JavaScript,2014-10-05T09:57:08Z,2020-09-17T13:40:36Z,0,26,82,45
1c7/chinese-independent-developer,NONE,2017-09-21T11:08:23Z,2020-09-17T10:17:03Z,0,93,2,51
ChristosChristofidis/awesome-deep-learning,NONE,2015-01-02T19:28:35Z,2020-09-17T17:00:27Z,0,124,1,13
libuv/libuv,C,2013-11-30T00:29:56Z,2020-09-17T14:48:22Z,0,455,70,1171
mysqljs/mysql,JavaScript,2010-07-29T14:58:13Z,2020-09-17T16:23:18Z,0,108,139,1871
Kotlin/anko,Kotlin,2014-09-18T12:12:23Z,2020-09-17T10:12:15Z,26,100,237,380
tqdm/tqdm,Python,2015-06-03T13:13:14Z,2020-09-17T16:55:23Z,89,207,216,455
celery/celery,Python,2009-04-24T11:31:24Z,2020-09-17T15:42:27Z,10,1321,402,3840
FelisCatus/SwitchyOmega,CoffeeScript,2012-06-08T15:32:30Z,2020-09-17T12:05:41Z,51,7,411,1647
GitSquared/edex-ui,JavaScript,2017-01-28T09:35:02Z,2020-09-17T15:48:17Z,23,348,26,320
MLEveryday/100-Days-Of-ML-Code,Jupyter Notebook,2018-08-05T13:32:48Z,2020-09-17T15:11:15Z,0,43,8,39
0xd4d/dnSpy,C#,2015-07-01T16:05:10Z,2020-09-17T16:04:44Z,2,51,177,1291
popperjs/popper-core,JavaScript,2016-03-29T17:00:47Z,2020-09-17T07:27:13Z,123,398,13,647
fastify/fastify,JavaScript,2016-09-28T19:10:14Z,2020-09-17T17:03:35Z,155,1294,53,942
alibaba/canal,Java,2013-01-13T10:59:52Z,2020-09-17T16:55:45Z,20,321,312,2297
electron-react-boilerplate/electron-react-boilerplate,TypeScript,2015-05-18T09:54:57Z,2020-09-17T12:53:23Z,42,649,41,1190
jdg/MBProgressHUD,Objective-C,2009-05-31T21:45:41Z,2020-09-17T16:53:41Z,0,96,50,335
framework7io/framework7,JavaScript,2014-02-23T12:15:53Z,2020-09-17T08:34:00Z,142,377,89,3009
android/plaid,Kotlin,2015-10-30T16:10:56Z,2020-09-17T12:35:10Z,0,368,63,272
vuejs/vue-next,TypeScript,2018-06-12T13:49:36Z,2020-09-17T14:48:37Z,50,946,51,683
sideway/joi,JavaScript,2012-09-16T16:38:06Z,2020-09-17T16:45:50Z,0,366,30,1877
phoenixframework/phoenix,Elixir,2014-01-20T14:14:11Z,2020-09-17T16:41:51Z,20,1615,16,1912
hubotio/hubot,JavaScript,2011-08-27T08:30:59Z,2020-09-17T15:27:35Z,9,508,74,685
dwmkerr/hacker-laws,Shell,2018-01-25T03:46:34Z,2020-09-17T11:45:43Z,0,138,97,51
magenta/magenta,Python,2016-05-05T20:10:40Z,2020-09-17T14:48:33Z,47,906,239,514
jashkenas/coffeescript,CoffeeScript,2009-12-18T01:39:53Z,2020-09-17T10:15:36Z,0,851,41,4025
alibaba/ice,TypeScript,2016-11-03T06:59:15Z,2020-09-17T14:16:08Z,17,1842,26,1454
shuzheng/zheng,Java,2016-10-04T10:07:06Z,2020-09-17T14:10:10Z,0,10,32,62
facebook/folly,C++,2012-06-01T20:49:04Z,2020-09-17T14:39:26Z,4,3,217,522
alibaba/spring-cloud-alibaba,Java,2017-12-01T20:49:15Z,2020-09-17T14:54:11Z,13,417,264,884
xuxueli/xxl-job,Java,2015-11-28T12:59:34Z,2020-09-17T15:25:24Z,29,81,297,1416
n0shake/Public-APIs,NONE,2016-01-13T18:53:25Z,2020-09-16T23:23:35Z,0,267,4,33
looly/hutool,Java,2014-04-13T07:23:51Z,2020-09-17T15:46:41Z,65,99,1,889
handlebars-lang/handlebars.js,JavaScript,2010-07-31T18:54:46Z,2020-09-17T14:05:22Z,0,301,58,1184
fish-shell/fish-shell,Shell,2012-05-10T03:00:55Z,2020-09-17T16:45:18Z,28,990,454,4754
PHPMailer/PHPMailer,PHP,2011-08-23T07:57:17Z,2020-09-17T14:04:18Z,42,265,38,1604
didi/DoraemonKit,Java,2018-08-14T10:32:07Z,2020-09-17T15:24:28Z,3,203,51,362
basecamp/trix,CoffeeScript,2013-08-01T22:21:30Z,2020-09-17T16:38:47Z,29,110,40,592
reddit-archive/reddit,Python,2008-06-18T23:30:53Z,2020-09-17T13:27:53Z,0,18,0,0
streamich/react-use,TypeScript,2018-10-27T10:16:05Z,2020-09-17T17:12:10Z,229,982,143,166
viraptor/reverse-interview,NONE,2019-09-08T13:38:40Z,2020-09-17T14:23:25Z,0,47,7,13
gto76/python-cheatsheet,Python,2018-01-25T04:16:53Z,2020-09-17T15:50:35Z,0,12,4,16
homebridge/homebridge,TypeScript,2014-12-01T16:37:39Z,2020-09-17T16:14:59Z,14,273,11,2331
jamiebuilds/react-loadable,JavaScript,2017-03-09T18:41:17Z,2020-09-17T14:16:06Z,0,105,0,0
iissnan/hexo-theme-next,CSS,2014-12-01T14:07:07Z,2020-09-17T16:05:01Z,18,274,62,1773
microsoft/MS-DOS,Assembly,2018-06-25T18:26:02Z,2020-09-16T23:57:28Z,0,34,3,49
nuysoft/Mock,JavaScript,2013-04-26T08:06:57Z,2020-09-17T15:49:41Z,14,7,250,133
tsenart/vegeta,Go,2013-08-13T11:45:21Z,2020-09-17T06:52:25Z,62,129,44,295
rubocop-hq/ruby-style-guide,NONE,2011-09-12T13:03:05Z,2020-09-17T01:49:28Z,0,337,66,232
bazelbuild/bazel,Java,2014-06-12T16:00:38Z,2020-09-17T17:03:28Z,91,23,1963,6075
visionmedia/superagent,JavaScript,2011-04-13T02:29:45Z,2020-09-17T11:57:27Z,65,403,123,861
Eugeny/terminus,TypeScript,2016-12-23T09:06:10Z,2020-09-17T13:02:55Z,105,724,354,1323
statsd/statsd,JavaScript,2010-12-30T00:09:50Z,2020-09-17T00:02:56Z,0,299,41,218
Tencent/tinker,Java,2016-09-06T06:57:52Z,2020-09-17T11:27:00Z,32,65,323,1020
ruanyf/react-demos,JavaScript,2015-03-23T10:50:07Z,2020-09-17T16:10:33Z,0,19,0,28
reduxjs/redux-thunk,JavaScript,2015-07-13T13:33:08Z,2020-09-17T15:06:14Z,12,48,4,186
Awesome-HarmonyOS/HarmonyOS,C,2019-08-09T11:24:00Z,2020-09-17T16:50:17Z,0,13,0,0
dotnet-architecture/eShopOnContainers,C#,2016-10-05T22:35:23Z,2020-09-17T17:03:03Z,7,314,38,881
sindresorhus/quick-look-plugins,NONE,2013-12-07T15:43:33Z,2020-09-17T08:03:36Z,0,22,7,73
Developer-Y/cs-video-courses,NONE,2016-10-21T17:02:11Z,2020-09-17T15:36:13Z,0,69,3,18
nostalgic-css/NES.css,CSS,2018-09-24T01:49:11Z,2020-09-17T14:48:38Z,7,214,23,133
rancher/rancher,Go,2014-11-07T20:49:31Z,2020-09-17T16:01:25Z,578,4553,3262,20323
ipader/SwiftGuide,Swift,2014-06-14T01:17:57Z,2020-09-17T14:48:24Z,0,25,0,27
libra/libra,Rust,2019-04-02T21:51:45Z,2020-09-17T16:59:32Z,0,955,239,755
google/eng-practices,NONE,2019-09-04T20:47:01Z,2020-09-17T15:10:25Z,0,8,2,4
enyo/dropzone,JavaScript,2012-02-12T16:19:18Z,2020-09-17T15:30:21Z,32,68,0,0
crystal-lang/crystal,Crystal,2012-11-27T17:32:32Z,2020-09-17T14:05:51Z,83,3292,951,4332
mxgmn/WaveFunctionCollapse,C#,2016-09-30T11:53:17Z,2020-09-17T10:53:54Z,0,17,3,35
mozilla/DeepSpeech,C++,2016-06-02T15:04:53Z,2020-09-17T14:02:18Z,96,1227,73,1756
dennybritz/reinforcement-learning,Jupyter Notebook,2016-08-24T17:02:41Z,2020-09-17T14:40:48Z,0,58,86,58
bower/bower,JavaScript,2012-09-07T00:15:39Z,2020-09-16T14:54:43Z,36,341,8,1893
iview/iview-admin,Vue,2017-09-15T10:34:27Z,2020-09-17T13:55:31Z,30,90,555,608
dvajs/dva,JavaScript,2016-06-24T09:06:16Z,2020-09-17T15:04:56Z,35,195,22,2050
chalk/chalk,JavaScript,2013-08-03T00:20:12Z,2020-09-17T15:06:07Z,18,77,9,264
docsifyjs/docsify,JavaScript,2016-11-20T07:55:43Z,2020-09-17T17:04:36Z,9,362,108,767
jeromeetienne/AR.js,HTML,2017-02-17T10:27:59Z,2020-09-16T15:57:26Z,0,77,4,628
PKUanonym/REKCARC-TSC-UHT,HTML,2019-04-05T03:31:23Z,2020-09-17T11:03:20Z,0,55,7,10
google/flatbuffers,C++,2014-05-19T18:33:01Z,2020-09-17T17:00:17Z,17,927,130,1297
dbeaver/dbeaver,Java,2015-10-21T08:26:28Z,2020-09-17T15:43:34Z,111,815,1223,7582
zhangdaiscott/jeecg-boot,Java,2018-11-26T10:40:00Z,2020-09-17T14:18:45Z,9,7,29,1435
eligrey/FileSaver.js,JavaScript,2011-07-15T03:27:54Z,2020-09-17T13:52:53Z,14,65,95,440
chaozh/awesome-blockchain-cn,JavaScript,2017-03-12T06:02:46Z,2020-09-17T14:58:13Z,0,7,7,18
shieldfy/API-Security-Checklist,NONE,2017-07-08T20:01:38Z,2020-09-17T16:14:04Z,0,91,11,19
zyedidia/micro,Go,2016-03-11T02:06:28Z,2020-09-17T15:35:26Z,29,433,344,975
youzan/vant,JavaScript,2017-04-19T07:55:31Z,2020-09-17T15:56:45Z,32,2559,15,4500
HubSpot/pace,CSS,2013-09-12T04:24:29Z,2020-09-17T09:02:40Z,23,28,281,140
facebook/relay,JavaScript,2015-08-10T22:09:16Z,2020-09-17T16:03:33Z,57,107,222,1410
jasmine/jasmine,JavaScript,2008-12-02T23:46:37Z,2020-09-17T15:32:24Z,40,279,59,1227
sharkdp/fd,Rust,2017-05-09T21:27:10Z,2020-09-17T14:07:30Z,23,197,48,359
joewalnes/websocketd,Go,2013-02-14T14:52:55Z,2020-09-17T16:52:31Z,6,83,28,250
datawhalechina/pumpkin-book,NONE,2018-12-22T05:05:24Z,2020-09-17T15:20:50Z,2,43,16,37
forem/forem,Ruby,2016-11-13T23:02:13Z,2020-09-17T14:58:05Z,0,6244,867,2207
desandro/masonry,HTML,2009-11-21T21:04:56Z,2020-09-17T08:10:50Z,22,10,34,1046
numpy/numpy,Python,2010-09-13T23:02:39Z,2020-09-17T15:24:31Z,57,6621,1895,7012
CarGuo/GSYVideoPlayer,Java,2016-11-13T12:34:31Z,2020-09-17T11:00:23Z,19,13,15,2804
material-components/material-components-web,TypeScript,2016-12-05T16:04:09Z,2020-09-17T14:48:35Z,4,3089,316,2290
kriskowal/q,JavaScript,2010-09-04T01:21:12Z,2020-09-17T15:40:52Z,0,149,101,450
instillai/TensorFlow-Course,Python,2018-10-02T18:10:12Z,2020-09-17T13:58:56Z,1,7,0,11
zziz/pwc,NONE,2018-09-02T12:06:52Z,2020-09-17T12:04:00Z,0,10,16,4
wagerfield/parallax,JavaScript,2013-08-01T15:28:05Z,2020-09-17T10:58:54Z,11,14,49,202
cjbarber/ToolsOfTheTrade,NONE,2014-05-29T04:11:33Z,2020-09-17T14:04:47Z,0,291,0,38
elastic/kibana,TypeScript,2013-01-26T04:00:59Z,2020-09-17T17:09:18Z,33,44605,6839,20869
websockets/ws,JavaScript,2011-11-09T22:32:45Z,2020-09-17T16:20:32Z,60,447,6,1179
leereilly/games,NONE,2012-01-05T19:48:55Z,2020-09-17T15:11:29Z,0,192,130,75
recharts/recharts,TypeScript,2015-08-07T06:50:27Z,2020-09-17T14:59:27Z,0,258,181,1749
PostgREST/postgrest,Haskell,2014-06-13T00:23:00Z,2020-09-17T09:47:23Z,27,494,106,861
madrobby/zepto,HTML,2010-09-20T07:57:57Z,2020-09-15T06:16:50Z,18,218,67,680
Tencent/mars,C++,2016-12-12T04:39:54Z,2020-09-17T06:27:12Z,6,49,215,543
keystonejs/keystone-classic,JavaScript,2013-07-02T05:01:55Z,2020-09-17T07:45:54Z,16,1740,300,2152
adam-golab/react-developer-roadmap,JavaScript,2018-06-16T13:40:50Z,2020-09-17T16:37:54Z,0,26,21,18
DrKLO/Telegram,C++,2013-10-25T14:08:10Z,2020-09-17T13:39:06Z,32,17,0,0
designmodo/Flat-UI,CSS,2013-03-03T15:36:49Z,2020-09-17T01:10:30Z,1,38,8,180
svg/svgo,JavaScript,2012-08-22T10:41:43Z,2020-09-17T17:14:22Z,34,200,296,629
zsh-users/zsh-autosuggestions,Shell,2013-10-26T16:09:37Z,2020-09-17T13:23:42Z,0,100,47,359
ionic-team/ionicons,TypeScript,2013-10-10T14:34:18Z,2020-09-17T03:24:56Z,30,42,350,403
yabwe/medium-editor,JavaScript,2013-05-29T17:40:11Z,2020-09-17T16:43:39Z,149,516,309,601
sherlock-project/sherlock,Python,2018-12-24T14:30:48Z,2020-09-17T16:54:18Z,0,304,34,341
oxford-cs-deepnlp-2017/lectures,NONE,2017-02-06T11:32:46Z,2020-09-16T06:17:45Z,0,4,11,7
apollographql/apollo-client,TypeScript,2016-02-26T20:25:00Z,2020-09-17T16:07:37Z,5,3009,551,2565
briannesbitt/Carbon,PHP,2012-09-08T02:56:20Z,2020-09-17T13:40:04Z,164,928,5,952
jsdom/jsdom,JavaScript,2010-01-19T06:55:19Z,2020-09-17T16:53:35Z,21,690,317,1521
envoyproxy/envoy,C++,2016-08-08T15:07:24Z,2020-09-17T16:58:24Z,34,7343,820,3667
AllThingsSmitty/css-protips,NONE,2015-08-29T12:29:03Z,2020-09-17T08:16:09Z,0,43,5,39
cocos2d/cocos2d-x,C++,2010-11-18T23:17:00Z,2020-09-17T15:49:33Z,0,12325,1309,3512
apache/skywalking,Java,2015-11-07T03:30:36Z,2020-09-17T15:51:31Z,40,2376,62,2663
limetext/lime,NONE,2012-10-03T18:10:02Z,2020-09-17T15:30:22Z,0,160,21,380
SpaceVim/SpaceVim,Vim script,2016-12-26T04:40:55Z,2020-09-17T16:08:22Z,16,1792,64,1797
nswbmw/N-blog,JavaScript,2013-05-27T06:46:58Z,2020-09-17T07:32:58Z,0,25,17,419
ccxt/ccxt,JavaScript,2017-05-14T15:41:56Z,2020-09-17T14:45:25Z,0,2317,316,4500
angular-ui/bootstrap,JavaScript,2012-10-05T18:27:01Z,2020-09-16T19:25:36Z,5,69,270,4185
acdlite/recompose,JavaScript,2015-10-07T05:54:51Z,2020-09-16T18:09:59Z,42,246,56,374
charlax/professional-programming,Python,2015-11-07T05:07:52Z,2020-09-17T16:49:38Z,0,20,0,9
binux/pyspider,Python,2014-02-21T19:18:47Z,2020-09-17T09:29:56Z,13,90,252,542
go-delve/delve,Go,2014-05-20T19:24:43Z,2020-09-17T13:44:58Z,8,797,99,1027
spf13/spf13-vim,Vim script,2010-04-20T16:20:16Z,2020-09-17T12:12:44Z,0,256,310,412
altercation/solarized,Vim script,2011-02-18T05:18:27Z,2020-09-17T15:27:50Z,0,21,149,96
hackiftekhar/IQKeyboardManager,Objective-C,2013-08-25T11:32:48Z,2020-09-17T16:20:14Z,75,99,53,1522
vadimdemedes/ink,TypeScript,2017-06-12T06:12:28Z,2020-09-17T15:23:32Z,37,137,24,174
kdeldycke/awesome-falsehood,NONE,2016-09-08T09:13:47Z,2020-09-17T16:46:51Z,0,33,3,17
Shopify/draggable,JavaScript,2017-09-27T15:31:23Z,2020-09-17T11:13:10Z,11,114,96,145
airbnb/react-sketchapp,TypeScript,2017-04-21T18:27:39Z,2020-09-16T13:39:52Z,28,189,26,266
rough-stuff/rough,TypeScript,2016-12-13T09:12:55Z,2020-09-17T09:15:36Z,15,48,17,89
pubkey/rxdb,TypeScript,2016-12-02T19:34:42Z,2020-09-17T16:19:58Z,54,1838,5,397
android10/Android-CleanArchitecture,Java,2014-08-19T14:09:26Z,2020-09-17T02:56:57Z,0,13,124,122
huihut/interview,C++,2018-02-09T09:49:48Z,2020-09-17T16:33:01Z,0,26,2,34
infernojs/inferno,JavaScript,2015-02-01T22:07:38Z,2020-09-17T07:02:28Z,159,531,39,784
hzlzh/Best-App,NONE,2013-08-30T14:32:19Z,2020-09-17T05:44:27Z,0,49,32,36
urfave/cli,Go,2013-07-13T19:32:06Z,2020-09-17T15:26:03Z,21,471,47,502
Kong/insomnia,JavaScript,2016-04-23T03:54:26Z,2020-09-17T14:55:16Z,130,625,483,1446
Awesome-Windows/Awesome,NONE,2016-05-30T17:27:35Z,2020-09-17T15:20:11Z,0,204,7,69
trekhleb/homemade-machine-learning,Jupyter Notebook,2018-11-01T04:34:19Z,2020-09-17T12:42:28Z,0,2,11,7
yudai/gotty,Go,2015-08-16T09:48:33Z,2020-09-17T14:26:33Z,16,33,76,120
twbs/ratchet,CSS,2012-08-17T05:41:57Z,2020-09-17T17:12:05Z,4,231,202,334
dotnet/core,Shell,2014-11-18T00:44:57Z,2020-09-17T16:28:15Z,110,1092,260,3296
ipython/ipython,Python,2010-05-10T04:46:06Z,2020-09-17T17:09:33Z,28,5076,1347,5116
helm/charts,Go,2015-11-24T17:05:28Z,2020-09-17T15:27:08Z,0,12886,122,6031
hwdsl2/setup-ipsec-vpn,Shell,2016-01-07T16:44:12Z,2020-09-17T15:20:14Z,0,12,1,791
redisson/redisson,Java,2014-01-11T14:06:25Z,2020-09-17T15:27:34Z,85,236,156,2563
react-dnd/react-dnd,TypeScript,2014-10-19T13:29:28Z,2020-09-17T14:55:50Z,124,1246,160,1133
react-hook-form/react-hook-form,TypeScript,2019-03-05T23:47:10Z,2020-09-17T17:07:13Z,284,818,5,1434
riot/riot,JavaScript,2013-09-27T05:21:01Z,2020-09-17T17:09:01Z,67,439,3,2100
braydie/HowToBeAProgrammer,NONE,2016-01-04T16:47:54Z,2020-09-16T23:04:25Z,0,84,4,17
2dust/v2rayN,C#,2019-07-30T03:47:24Z,2020-09-17T16:14:47Z,49,33,272,657
WordPress/WordPress,PHP,2011-12-01T07:05:17Z,2020-09-17T16:43:23Z,0,0,0,0
mybatis/mybatis-3,Java,2013-02-14T19:03:32Z,2020-09-17T17:03:32Z,32,667,122,914
tj/git-extras,Shell,2010-08-04T16:32:07Z,2020-09-17T14:57:48Z,15,438,90,230
dianping/cat,Java,2012-12-05T02:31:48Z,2020-09-17T16:34:42Z,0,864,74,969
electronicarts/CnC_Remastered_Collection,C++,2020-03-30T17:48:04Z,2020-09-17T14:48:18Z,0,0,66,16
GeekyAnts/NativeBase,JavaScript,2016-04-15T11:37:23Z,2020-09-17T14:37:34Z,85,479,177,2328
luong-komorebi/Awesome-Linux-Software,Python,2016-08-06T13:16:29Z,2020-09-17T16:56:26Z,0,376,11,93
vim-airline/vim-airline,Vim script,2013-06-30T18:49:56Z,2020-09-17T15:40:35Z,11,549,23,1503
micro/go-micro,Go,2015-01-13T23:30:18Z,2020-09-17T16:05:15Z,85,1122,30,674
handsontable/handsontable,JavaScript,2011-05-23T22:38:58Z,2020-09-17T05:42:32Z,175,602,673,5517
linlinjava/litemall,Java,2018-03-22T16:42:30Z,2020-09-17T14:38:40Z,7,73,30,265
getlantern/download,NONE,2018-06-26T23:52:16Z,2020-09-17T13:41:10Z,0,3,0,0
rancher/k3s,Go,2018-05-31T01:37:46Z,2020-09-17T17:02:14Z,132,657,633,830
toml-lang/toml,Python,2013-02-24T03:03:57Z,2020-09-17T11:57:30Z,7,291,25,353
facebook/prepack,JavaScript,2015-10-28T23:25:08Z,2020-09-16T19:22:26Z,43,500,190,577
forezp/SpringCloudLearning,Java,2017-04-08T10:06:56Z,2020-09-17T15:33:01Z,0,0,34,11
apache/flink,Java,2014-06-07T07:00:10Z,2020-09-17T13:59:50Z,0,2968,0,0
alibaba/nacos,Java,2018-06-15T06:49:27Z,2020-09-17T14:48:01Z,29,766,332,2447
academic/awesome-datascience,NONE,2014-07-05T07:07:43Z,2020-09-17T14:15:28Z,0,158,2,32
pytorch/examples,Python,2016-08-24T03:12:48Z,2020-09-17T13:55:35Z,0,251,208,221
aFarkas/lazysizes,JavaScript,2014-10-11T21:03:26Z,2020-09-17T15:13:04Z,93,60,136,571
menzi11/BullshitGenerator,JavaScript,2019-10-28T17:05:51Z,2020-09-17T15:18:04Z,0,7,113,28
deezer/spleeter,Python,2019-09-26T15:40:46Z,2020-09-17T15:31:37Z,1,31,91,347
marmelab/react-admin,TypeScript,2016-07-13T07:58:54Z,2020-09-17T17:13:14Z,151,2148,117,2528
preservim/nerdtree,Vim script,2008-03-10T07:34:08Z,2020-09-17T15:22:27Z,0,272,6,787
huge-success/sanic,Python,2016-05-26T04:38:22Z,2020-09-17T08:38:52Z,30,821,57,859
janl/mustache.js,JavaScript,2009-10-04T23:41:19Z,2020-09-17T15:56:19Z,15,155,55,376
philc/vimium,JavaScript,2009-09-20T07:08:19Z,2020-09-17T16:04:58Z,0,573,741,1957
realm/realm-cocoa,Objective-C,2012-04-16T20:06:56Z,2020-09-17T16:37:54Z,162,2138,356,3796
css-modules/css-modules,NONE,2015-05-25T21:54:47Z,2020-09-17T03:25:54Z,0,22,89,221
norvig/pytudes,Jupyter Notebook,2017-03-01T05:43:35Z,2020-09-17T15:06:10Z,0,44,8,15
bitcoinbook/bitcoinbook,Python,2013-08-11T23:18:28Z,2020-09-17T15:23:55Z,3,265,47,222
bokeh/bokeh,Python,2012-03-26T15:40:01Z,2020-09-17T17:04:25Z,0,3780,557,5594
dgraph-io/dgraph,Go,2015-08-25T07:15:56Z,2020-09-17T15:16:13Z,78,2825,0,2302
typicode/lowdb,JavaScript,2014-04-02T02:16:06Z,2020-09-17T15:22:03Z,21,60,93,222
nfl/react-helmet,JavaScript,2015-06-18T00:07:34Z,2020-09-17T14:10:20Z,3,166,127,204
fbsamples/f8app,JavaScript,2016-03-10T21:45:12Z,2020-09-17T14:48:33Z,0,43,16,187
Carthage/Carthage,Swift,2014-10-10T19:54:55Z,2020-09-17T14:08:56Z,72,934,147,1774
tensorflow/tfjs,TypeScript,2018-03-05T05:41:02Z,2020-09-17T16:27:02Z,31,1291,402,1967
michalsnik/aos,JavaScript,2015-07-09T17:49:00Z,2020-09-17T16:37:21Z,0,38,177,325
jumpserver/jumpserver,JavaScript,2014-07-04T03:54:59Z,2020-09-17T14:50:29Z,43,1618,131,2645
wangshub/wechat_jump_game,Python,2017-12-29T02:00:19Z,2020-09-17T07:03:32Z,2,146,26,958
processing/p5.js,JavaScript,2013-02-26T03:14:47Z,2020-09-17T16:32:05Z,73,1647,100,2680
fivethirtyeight/data,Jupyter Notebook,2014-03-17T13:49:17Z,2020-09-17T06:52:59Z,0,42,33,76
ehang-io/nps,Go,2018-11-04T13:22:51Z,2020-09-17T15:22:19Z,57,62,64,499
oblador/react-native-vector-icons,JavaScript,2015-05-15T16:38:57Z,2020-09-17T14:50:43Z,58,144,274,711
DIYgod/RSSHub,JavaScript,2018-04-02T14:43:21Z,2020-09-17T14:40:02Z,235,3002,191,2006
realm/SwiftLint,Swift,2015-05-16T16:59:31Z,2020-09-17T14:35:11Z,78,1251,393,1329
yaronn/blessed-contrib,JavaScript,2015-01-14T14:18:07Z,2020-09-17T06:37:47Z,0,64,60,60
haoel/leetcode,C++,2014-10-20T03:22:04Z,2020-09-17T17:01:16Z,0,76,17,34
angular-ui/ui-router,TypeScript,2013-01-18T20:26:29Z,2020-09-12T13:44:53Z,57,308,9,3153
facert/awesome-spider,NONE,2016-09-30T02:33:03Z,2020-09-17T08:39:05Z,0,37,16,15
PerfectlySoft/Perfect,Swift,2015-10-02T18:20:08Z,2020-09-17T14:48:28Z,1,74,49,136
ShareX/ShareX,C#,2013-10-08T23:32:10Z,2020-09-17T15:59:26Z,66,598,365,3837
locustio/locust,Python,2011-02-17T11:08:03Z,2020-09-17T16:48:39Z,33,357,40,968
openssl/openssl,C,2013-01-15T22:34:48Z,2020-09-17T15:16:16Z,0,83,1153,3513
ampproject/amphtml,JavaScript,2015-09-01T22:10:53Z,2020-09-17T15:54:39Z,549,15289,1866,9605
jitsi/jitsi-meet,JavaScript,2013-12-16T12:51:09Z,2020-09-17T16:45:09Z,21,3157,406,3399
apache/incubator-weex,C++,2017-01-06T08:00:06Z,2020-09-17T10:50:13Z,5,1702,193,693
cool-RR/PySnooper,Python,2019-04-18T13:55:43Z,2020-09-17T13:56:36Z,0,61,15,86
winterbe/java8-tutorial,Java,2014-03-16T17:25:43Z,2020-09-17T17:06:44Z,0,10,0,0
hemanth/functional-programming-jargon,NONE,2015-02-22T16:04:42Z,2020-09-17T13:28:33Z,0,111,21,42
LingCoder/OnJava8,NONE,2018-11-20T05:41:18Z,2020-09-17T16:31:06Z,0,403,26,134
brettwooldridge/HikariCP,Java,2013-10-08T05:43:03Z,2020-09-17T17:09:07Z,0,183,241,1096
nginx-proxy/nginx-proxy,Python,2014-05-05T17:01:40Z,2020-09-17T11:53:36Z,0,176,541,560
MengTo/Spring,Swift,2014-12-26T14:57:02Z,2020-09-17T14:48:26Z,0,60,132,90
alibaba/Sentinel,Java,2018-04-04T06:37:33Z,2020-09-17T14:11:24Z,16,339,203,979
spotify/luigi,Python,2012-09-20T15:06:38Z,2020-09-17T13:40:48Z,49,1709,39,827
